user_id,email,gender,age,country,credit_card,membership,register_date,last_updated
u1001,u1001@gmail.com,F,42,China,TRUE,FALSE,39:00.0,59:41.7
u1002,u1002@gmail.com,F,42,China,TRUE,FALSE,26:00.0,59:41.7
u1003,u1003@gmail.com,F,43,U.S.A,FALSE,FALSE,57:00.0,59:41.8
u1004,u1004@gmail.com,F,42,China,TRUE,FALSE,51:00.0,59:41.8
u1005,u1005@gmail.com,F,14,Saudi,TRUE,FALSE,47:00.0,59:41.8
u1006,u1006@gmail.com,F,34,Saudi,FALSE,FALSE,27:00.0,59:41.8
u1007,u1007@gmail.com,F,34,Vietnam,TRUE,FALSE,40:00.0,59:41.8
u1008,u1008@gmail.com,F,10,China,FALSE,FALSE,50:00.0,59:41.8
u1009,u1009@gmail.com,F,31,U.S.A,FALSE,FALSE,50:00.0,59:41.8
u1010,u1010@gmail.com,F,30,HongKong/HK,TRUE,FALSE,47:00.0,59:41.8
u1011,u1011@gmail.com,M,31,China,TRUE,TRUE,35:00.0,59:41.8
u1012,u1012@gmail.com,F,36,China,FALSE,TRUE,43:00.0,59:41.8
u1013,u1013@gmail.com,F,18,U.S.A,FALSE,FALSE,52:00.0,59:41.8
u1014,u1014@gmail.com,F,50,Saudi,TRUE,FALSE,48:00.0,59:41.8
u1015,u1015@gmail.com,F,48,HongKong/HK,TRUE,FALSE,22:00.0,59:41.8
u1016,u1016@gmail.com,F,50,U.S.A,FALSE,FALSE,33:00.0,59:41.8
u1017,u1017@gmail.com,F,47,China,TRUE,FALSE,20:00.0,59:41.8
u1018,u1018@gmail.com,F,37,China,TRUE,TRUE,38:00.0,59:41.8
u1019,u1019@gmail.com,F,57,Iran/Qatar,TRUE,FALSE,49:00.0,59:41.8
u1020,u1020@gmail.com,F,40,U.S.A,TRUE,FALSE,52:00.0,59:41.8
u1021,u1021@gmail.com,F,37,China,TRUE,FALSE,38:00.0,59:41.8
u1022,u1022@gmail.com,F,30,Saudi,FALSE,FALSE,19:00.0,59:41.8
u1023,u1023@gmail.com,F,55,U.S.A,TRUE,FALSE,18:00.0,59:41.9
u1024,u1024@gmail.com,F,49,China,FALSE,FALSE,55:00.0,59:41.9
u1025,u1025@gmail.com,F,39,Saudi,TRUE,FALSE,41:00.0,59:41.9
u1026,u1026@gmail.com,F,56,China,TRUE,FALSE,43:00.0,59:41.9
u1027,u1027@gmail.com,F,31,U.S.A,TRUE,FALSE,28:00.0,59:41.9
u1028,u1028@gmail.com,F,47,China,FALSE,FALSE,42:00.0,59:41.9
u1029,u1029@gmail.com,F,48,Saudi,TRUE,FALSE,29:00.0,59:41.9
u1030,u1030@gmail.com,F,49,China,TRUE,FALSE,58:00.0,59:41.9
u1031,u1031@gmail.com,F,29,China,TRUE,FALSE,44:00.0,59:41.9
u1032,u1032@gmail.com,F,45,HongKong/HK,FALSE,TRUE,13:00.0,59:41.9
u1033,u1033@gmail.com,F,34,HongKong/HK,TRUE,FALSE,22:00.0,59:41.9
u1034,u1034@gmail.com,F,53,China,TRUE,FALSE,42:00.0,59:41.9
u1035,u1035@gmail.com,F,31,Saudi,TRUE,FALSE,54:00.0,59:41.9
u1036,u1036@gmail.com,F,61,China,TRUE,TRUE,51:00.0,59:41.9
u1037,u1037@gmail.com,F,55,China,TRUE,FALSE,22:00.0,59:41.9
u1038,u1038@gmail.com,F,46,U.S.A,TRUE,FALSE,25:00.0,59:41.9
u1039,u1039@gmail.com,F,29,Saudi,FALSE,FALSE,23:00.0,59:41.9
u1040,u1040@gmail.com,F,39,HongKong/HK,TRUE,TRUE,38:00.0,59:42.0
u1041,u1041@gmail.com,F,31,U.S.A,TRUE,TRUE,23:00.0,59:42.0
u1042,u1042@gmail.com,F,44,China,FALSE,FALSE,42:00.0,59:42.0
u1043,u1043@gmail.com,F,43,Iran/Qatar,FALSE,FALSE,35:00.0,59:42.0
u1044,u1044@gmail.com,F,37,HongKong/HK,FALSE,FALSE,40:00.0,59:42.0
u1045,u1045@gmail.com,F,42,Saudi,TRUE,FALSE,37:00.0,59:42.0
u1046,u1046@gmail.com,F,34,China,TRUE,FALSE,54:00.0,59:42.0
u1047,u1047@gmail.com,F,45,Vietnam,TRUE,FALSE,38:00.0,59:42.0
u1048,u1048@gmail.com,F,42,U.S.A,FALSE,TRUE,57:00.0,59:42.0
u1049,u1049@gmail.com,F,23,Iran/Qatar,FALSE,FALSE,49:00.0,59:42.0
u1050,u1050@gmail.com,F,31,U.S.A,FALSE,FALSE,23:00.0,59:42.0
u1051,u1051@gmail.com,F,44,U.S.A,TRUE,FALSE,33:00.0,59:42.0
u1052,u1052@gmail.com,F,37,China,TRUE,FALSE,46:00.0,59:42.0
u1053,u1053@gmail.com,F,54,China,FALSE,FALSE,46:00.0,59:42.0
u1054,u1054@gmail.com,F,28,China,TRUE,FALSE,59:00.0,59:42.0
u1055,u1055@gmail.com,F,32,Saudi,TRUE,FALSE,35:00.0,59:42.0
u1056,u1056@gmail.com,F,51,Vietnam,TRUE,FALSE,53:00.0,59:42.0
u1057,u1057@gmail.com,F,58,HongKong/HK,TRUE,FALSE,22:00.0,59:42.0
u1058,u1058@gmail.com,F,30,China,TRUE,FALSE,24:00.0,59:42.0
u1059,u1059@gmail.com,F,41,U.S.A,FALSE,TRUE,33:00.0,59:42.0
u1060,u1060@gmail.com,F,28,China,TRUE,FALSE,40:00.0,59:42.0
u1061,u1061@gmail.com,F,52,U.S.A,FALSE,FALSE,14:00.0,59:42.1
u1062,u1062@gmail.com,F,29,U.S.A,FALSE,FALSE,14:00.0,59:42.1
u1063,u1063@gmail.com,F,32,Saudi,TRUE,FALSE,30:00.0,59:42.1
u1064,u1064@gmail.com,F,29,U.S.A,TRUE,FALSE,34:00.0,59:42.1
u1065,u1065@gmail.com,F,43,China,FALSE,FALSE,44:00.0,59:42.1
u1066,u1066@gmail.com,F,44,U.S.A,TRUE,FALSE,16:00.0,59:42.1
u1067,u1067@gmail.com,F,50,HongKong/HK,FALSE,FALSE,40:00.0,59:42.1
u1068,u1068@gmail.com,F,36,Vietnam,TRUE,FALSE,46:00.0,59:42.1
u1069,u1069@gmail.com,F,45,China,FALSE,FALSE,23:00.0,59:42.1
u1070,u1070@gmail.com,F,43,U.S.A,TRUE,FALSE,34:00.0,59:42.1
u1071,u1071@gmail.com,F,52,HongKong/HK,TRUE,TRUE,56:00.0,59:42.1
u1072,u1072@gmail.com,F,44,Saudi,TRUE,FALSE,15:00.0,59:42.1
u1073,u1073@gmail.com,F,43,HongKong/HK,FALSE,FALSE,52:00.0,59:42.1
u1074,u1074@gmail.com,F,33,China,FALSE,TRUE,16:00.0,59:42.1
u1075,u1075@gmail.com,F,28,China,TRUE,FALSE,58:00.0,59:42.1
u1076,u1076@gmail.com,F,45,China,TRUE,TRUE,18:00.0,59:42.1
u1077,u1077@gmail.com,F,47,U.S.A,TRUE,FALSE,18:00.0,59:42.1
u1078,u1078@gmail.com,F,45,HongKong/HK,FALSE,FALSE,32:00.0,59:42.1
u1079,u1079@gmail.com,F,35,Saudi,FALSE,FALSE,32:00.0,59:42.2
u1080,u1080@gmail.com,M,31,China,FALSE,FALSE,25:00.0,59:42.2
u1081,u1081@gmail.com,F,52,U.S.A,TRUE,FALSE,35:00.0,59:42.2
u1082,u1082@gmail.com,F,67,U.S.A,TRUE,FALSE,34:00.0,59:42.2
u1083,u1083@gmail.com,F,34,Vietnam,FALSE,FALSE,32:00.0,59:42.2
u1084,u1084@gmail.com,F,39,U.S.A,TRUE,FALSE,30:00.0,59:42.2
u1085,u1085@gmail.com,F,41,Vietnam,TRUE,FALSE,51:00.0,59:42.2
u1086,u1086@gmail.com,F,52,Vietnam,TRUE,FALSE,58:00.0,59:42.2
u1087,u1087@gmail.com,F,41,U.S.A,TRUE,FALSE,31:00.0,59:42.2
u1088,u1088@gmail.com,F,32,HongKong/HK,TRUE,FALSE,45:00.0,59:42.2
u1089,u1089@gmail.com,F,41,U.S.A,FALSE,FALSE,48:00.0,59:42.2
u1090,u1090@gmail.com,F,44,Saudi,TRUE,FALSE,20:00.0,59:42.2
u1091,u1091@gmail.com,F,45,China,FALSE,FALSE,43:00.0,59:42.2
u1092,u1092@gmail.com,F,23,Saudi,FALSE,FALSE,26:00.0,59:42.2
u1093,u1093@gmail.com,F,29,Saudi,FALSE,FALSE,36:00.0,59:42.2
u1094,u1094@gmail.com,F,52,Vietnam,TRUE,FALSE,46:00.0,59:42.2
u1095,u1095@gmail.com,F,63,U.S.A,TRUE,FALSE,43:00.0,59:42.2
u1096,u1096@gmail.com,F,52,U.S.A,FALSE,FALSE,14:00.0,59:42.2
u1097,u1097@gmail.com,F,25,Saudi,TRUE,FALSE,27:00.0,59:42.2
u1098,u1098@gmail.com,M,40,China,FALSE,FALSE,47:00.0,59:42.2
u1099,u1099@gmail.com,M,43,U.S.A,TRUE,TRUE,16:00.0,59:42.2
u1100,u1100@gmail.com,M,31,China,TRUE,FALSE,47:00.0,59:42.2
u1101,u1101@gmail.com,F,50,HongKong/HK,TRUE,FALSE,27:00.0,59:42.2
u1102,u1102@gmail.com,F,39,China,TRUE,FALSE,55:00.0,59:42.3
u1103,u1103@gmail.com,F,46,China,TRUE,FALSE,25:00.0,59:42.3
u1104,u1104@gmail.com,F,46,China,TRUE,FALSE,39:00.0,59:42.3
u1105,u1105@gmail.com,F,41,Saudi,FALSE,FALSE,13:00.0,59:42.3
u1106,u1106@gmail.com,F,46,China,TRUE,TRUE,55:00.0,59:42.3
u1107,u1107@gmail.com,F,54,China,TRUE,FALSE,20:00.0,59:42.3
u1108,u1108@gmail.com,F,42,U.S.A,TRUE,FALSE,36:00.0,59:42.3
u1109,u1109@gmail.com,F,33,China,TRUE,FALSE,36:00.0,59:42.3
u1110,u1110@gmail.com,F,44,China,TRUE,FALSE,18:00.0,59:42.3
u1111,u1111@gmail.com,F,55,China,TRUE,FALSE,54:00.0,59:42.3
u1112,u1112@gmail.com,F,47,China,TRUE,FALSE,41:00.0,59:42.3
u1113,u1113@gmail.com,F,44,U.S.A,TRUE,FALSE,38:00.0,59:42.3
u1114,u1114@gmail.com,F,30,U.S.A,TRUE,FALSE,41:00.0,59:42.3
u1115,u1115@gmail.com,F,29,Vietnam,FALSE,FALSE,31:00.0,59:42.3
u1116,u1116@gmail.com,F,36,China,TRUE,FALSE,15:00.0,59:42.3
u1117,u1117@gmail.com,F,48,China,TRUE,TRUE,36:00.0,59:42.3
u1118,u1118@gmail.com,F,42,HongKong/HK,TRUE,FALSE,50:00.0,59:42.3
u1119,u1119@gmail.com,F,33,U.S.A,TRUE,FALSE,26:00.0,59:42.3
u1120,u1120@gmail.com,F,30,U.S.A,TRUE,FALSE,13:00.0,59:42.3
u1121,u1121@gmail.com,F,38,Vietnam,TRUE,FALSE,44:00.0,59:42.3
u1122,u1122@gmail.com,F,46,China,TRUE,FALSE,51:00.0,59:42.3
u1123,u1123@gmail.com,F,42,Saudi,TRUE,FALSE,58:00.0,59:42.4
u1124,u1124@gmail.com,F,43,China,TRUE,FALSE,33:00.0,59:42.4
u1125,u1125@gmail.com,F,36,China,TRUE,FALSE,53:00.0,59:42.4
u1126,u1126@gmail.com,F,43,U.S.A,TRUE,FALSE,39:00.0,59:42.4
u1127,u1127@gmail.com,F,41,U.S.A,TRUE,FALSE,26:00.0,59:42.4
u1128,u1128@gmail.com,F,32,U.S.A,FALSE,TRUE,28:00.0,59:42.4
u1129,u1129@gmail.com,F,53,China,TRUE,FALSE,34:00.0,59:42.4
u1130,u1130@gmail.com,F,57,Iran/Qatar,TRUE,TRUE,49:00.0,59:42.4
u1131,u1131@gmail.com,F,34,Vietnam,FALSE,FALSE,23:00.0,59:42.4
u1132,u1132@gmail.com,F,52,U.S.A,TRUE,FALSE,39:00.0,59:42.4
u1133,u1133@gmail.com,F,45,HongKong/HK,TRUE,FALSE,23:00.0,59:42.4
u1134,u1134@gmail.com,F,33,U.S.A,TRUE,FALSE,20:00.0,59:42.4
u1135,u1135@gmail.com,F,49,U.S.A,FALSE,TRUE,52:00.0,59:42.4
u1136,u1136@gmail.com,F,40,China,TRUE,FALSE,30:00.0,59:42.4
u1137,u1137@gmail.com,F,33,China,TRUE,TRUE,40:00.0,59:42.4
u1138,u1138@gmail.com,M,50,U.S.A,FALSE,FALSE,55:00.0,59:42.4
u1139,u1139@gmail.com,F,47,China,TRUE,FALSE,26:00.0,59:42.4
u1140,u1140@gmail.com,F,51,Saudi,TRUE,TRUE,29:00.0,59:42.4
u1141,u1141@gmail.com,F,40,Vietnam,TRUE,TRUE,17:00.0,59:42.4
u1142,u1142@gmail.com,F,28,U.S.A,FALSE,FALSE,13:00.0,59:42.4
u1143,u1143@gmail.com,F,27,U.S.A,FALSE,FALSE,28:00.0,59:42.4
u1144,u1144@gmail.com,F,46,Saudi,TRUE,FALSE,59:00.0,59:42.4
u1145,u1145@gmail.com,F,52,U.S.A,TRUE,FALSE,15:00.0,59:42.5
u1146,u1146@gmail.com,F,47,China,TRUE,FALSE,53:00.0,59:42.5
u1147,u1147@gmail.com,F,30,Saudi,TRUE,FALSE,24:00.0,59:42.5
u1148,u1148@gmail.com,F,47,Vietnam,FALSE,TRUE,55:00.0,59:42.5
u1149,u1149@gmail.com,F,54,U.S.A,TRUE,FALSE,23:00.0,59:42.5
u1150,u1150@gmail.com,F,28,Vietnam,TRUE,FALSE,36:00.0,59:42.5
u1151,u1151@gmail.com,F,35,China,TRUE,FALSE,35:00.0,59:42.5
u1152,u1152@gmail.com,F,31,China,TRUE,FALSE,33:00.0,59:42.5
u1153,u1153@gmail.com,F,31,Vietnam,TRUE,FALSE,57:00.0,59:42.5
u1154,u1154@gmail.com,F,25,China,FALSE,FALSE,28:00.0,59:42.5
u1155,u1155@gmail.com,F,40,China,FALSE,TRUE,45:00.0,59:42.5
u1156,u1156@gmail.com,F,49,U.S.A,TRUE,FALSE,29:00.0,59:42.5
u1157,u1157@gmail.com,F,48,China,TRUE,FALSE,15:00.0,59:42.5
u1158,u1158@gmail.com,F,44,U.S.A,TRUE,FALSE,58:00.0,59:42.5
u1159,u1159@gmail.com,F,13,U.S.A,FALSE,FALSE,53:00.0,59:42.5
u1160,u1160@gmail.com,F,39,U.S.A,TRUE,TRUE,36:00.0,59:42.5
u1161,u1161@gmail.com,F,51,Iran/Qatar,FALSE,FALSE,18:00.0,59:42.5
u1162,u1162@gmail.com,F,34,Vietnam,TRUE,TRUE,56:00.0,59:42.5
u1163,u1163@gmail.com,F,45,U.S.A,TRUE,FALSE,42:00.0,59:42.5
u1164,u1164@gmail.com,F,39,U.S.A,FALSE,TRUE,24:00.0,59:42.5
u1165,u1165@gmail.com,F,34,China,TRUE,FALSE,46:00.0,59:42.6
u1166,u1166@gmail.com,F,52,HongKong/HK,TRUE,TRUE,59:00.0,59:42.6
u1167,u1167@gmail.com,F,49,China,FALSE,FALSE,44:00.0,59:42.6
u1168,u1168@gmail.com,F,33,China,FALSE,TRUE,45:00.0,59:42.6
u1169,u1169@gmail.com,F,39,U.S.A,TRUE,FALSE,58:00.0,59:42.6
u1170,u1170@gmail.com,F,47,China,TRUE,FALSE,52:00.0,59:42.6
u1171,u1171@gmail.com,F,24,Vietnam,TRUE,FALSE,17:00.0,59:42.6
u1172,u1172@gmail.com,M,65,U.S.A,TRUE,FALSE,13:00.0,59:42.6
u1173,u1173@gmail.com,F,42,China,FALSE,FALSE,29:00.0,59:42.6
u1174,u1174@gmail.com,F,47,HongKong/HK,TRUE,FALSE,46:00.0,59:42.6
u1175,u1175@gmail.com,F,42,Vietnam,FALSE,FALSE,56:00.0,59:42.6
u1176,u1176@gmail.com,F,37,HongKong/HK,TRUE,FALSE,46:00.0,59:42.6
u1177,u1177@gmail.com,F,38,China,TRUE,FALSE,26:00.0,59:42.6
u1178,u1178@gmail.com,F,41,U.S.A,TRUE,FALSE,29:00.0,59:42.6
u1179,u1179@gmail.com,F,50,Vietnam,TRUE,FALSE,49:00.0,59:42.6
u1180,u1180@gmail.com,F,38,U.S.A,TRUE,FALSE,39:00.0,59:42.6
u1181,u1181@gmail.com,M,39,U.S.A,TRUE,FALSE,37:00.0,59:42.6
u1182,u1182@gmail.com,F,30,China,TRUE,FALSE,35:00.0,59:42.6
u1183,u1183@gmail.com,M,38,U.S.A,TRUE,FALSE,26:00.0,59:42.6
u1184,u1184@gmail.com,F,38,China,FALSE,FALSE,13:00.0,59:42.6
u1185,u1185@gmail.com,F,44,Iran/Qatar,FALSE,FALSE,39:00.0,59:42.6
u1186,u1186@gmail.com,F,31,U.S.A,FALSE,FALSE,26:00.0,59:42.6
u1187,u1187@gmail.com,M,62,China,TRUE,FALSE,53:00.0,59:42.7
u1188,u1188@gmail.com,F,48,HongKong/HK,TRUE,FALSE,54:00.0,59:42.7
u1189,u1189@gmail.com,F,47,China,TRUE,FALSE,43:00.0,59:42.7
u1190,u1190@gmail.com,F,38,Vietnam,TRUE,FALSE,47:00.0,59:42.7
u1191,u1191@gmail.com,F,41,Saudi,TRUE,FALSE,34:00.0,59:42.7
u1192,u1192@gmail.com,F,35,U.S.A,TRUE,FALSE,17:00.0,59:42.7
u1193,u1193@gmail.com,F,62,U.S.A,FALSE,FALSE,41:00.0,59:42.7
u1194,u1194@gmail.com,F,24,U.S.A,TRUE,FALSE,34:00.0,59:42.7
u1195,u1195@gmail.com,F,31,Saudi,FALSE,FALSE,32:00.0,59:42.7
u1196,u1196@gmail.com,F,33,HongKong/HK,TRUE,TRUE,28:00.0,59:42.7
u1197,u1197@gmail.com,F,38,HongKong/HK,FALSE,FALSE,33:00.0,59:42.7
u1198,u1198@gmail.com,F,48,U.S.A,TRUE,FALSE,56:00.0,59:42.7
u1199,u1199@gmail.com,F,37,Iran/Qatar,TRUE,TRUE,48:00.0,59:42.7
u1200,u1200@gmail.com,F,32,HongKong/HK,FALSE,FALSE,42:00.0,59:42.7
u1201,u1201@gmail.com,F,44,U.S.A,TRUE,FALSE,40:00.0,59:42.7
u1202,u1202@gmail.com,F,37,China,FALSE,FALSE,18:00.0,59:42.7
u1203,u1203@gmail.com,F,40,HongKong/HK,TRUE,FALSE,45:00.0,59:42.7
u1204,u1204@gmail.com,F,52,U.S.A,FALSE,FALSE,52:00.0,59:42.7
u1205,u1205@gmail.com,F,48,China,TRUE,FALSE,25:00.0,59:42.7
u1206,u1206@gmail.com,F,36,HongKong/HK,FALSE,FALSE,29:00.0,59:42.7
u1207,u1207@gmail.com,F,26,HongKong/HK,FALSE,FALSE,19:00.0,59:42.7
u1208,u1208@gmail.com,F,51,U.S.A,TRUE,FALSE,32:00.0,59:42.8
u1209,u1209@gmail.com,F,53,Saudi,TRUE,FALSE,53:00.0,59:42.8
u1210,u1210@gmail.com,F,41,U.S.A,TRUE,FALSE,23:00.0,59:42.8
u1211,u1211@gmail.com,F,33,China,TRUE,FALSE,36:00.0,59:42.8
u1212,u1212@gmail.com,F,43,China,TRUE,FALSE,59:00.0,59:42.8
u1213,u1213@gmail.com,F,36,China,FALSE,FALSE,28:00.0,59:42.8
u1214,u1214@gmail.com,F,36,HongKong/HK,FALSE,FALSE,45:00.0,59:42.8
u1215,u1215@gmail.com,F,30,Saudi,TRUE,FALSE,33:00.0,59:42.8
u1216,u1216@gmail.com,F,36,HongKong/HK,TRUE,FALSE,42:00.0,59:42.8
u1217,u1217@gmail.com,F,32,Vietnam,FALSE,FALSE,19:00.0,59:42.8
u1218,u1218@gmail.com,F,27,China,TRUE,FALSE,33:00.0,59:42.8
u1219,u1219@gmail.com,F,38,U.S.A,TRUE,FALSE,34:00.0,59:42.8
u1220,u1220@gmail.com,F,22,Vietnam,FALSE,FALSE,41:00.0,59:42.8
u1221,u1221@gmail.com,F,30,China,TRUE,TRUE,25:00.0,59:42.8
u1222,u1222@gmail.com,F,26,HongKong/HK,FALSE,FALSE,14:00.0,59:42.8
u1223,u1223@gmail.com,F,43,China,FALSE,FALSE,46:00.0,59:42.8
u1224,u1224@gmail.com,F,20,China,FALSE,FALSE,51:00.0,59:42.8
u1225,u1225@gmail.com,F,34,Saudi,TRUE,FALSE,48:00.0,59:42.8
u1226,u1226@gmail.com,F,52,U.S.A,FALSE,FALSE,41:00.0,59:42.8
u1227,u1227@gmail.com,F,34,China,TRUE,FALSE,35:00.0,59:42.8
u1228,u1228@gmail.com,F,33,U.S.A,FALSE,FALSE,34:00.0,59:42.8
u1229,u1229@gmail.com,F,34,U.S.A,FALSE,TRUE,42:00.0,59:42.9
u1230,u1230@gmail.com,F,42,HongKong/HK,FALSE,FALSE,29:00.0,59:42.9
u1231,u1231@gmail.com,F,45,Vietnam,TRUE,FALSE,24:00.0,59:42.9
u1232,u1232@gmail.com,F,45,China,TRUE,FALSE,59:00.0,59:42.9
u1233,u1233@gmail.com,F,45,China,TRUE,FALSE,25:00.0,59:42.9
u1234,u1234@gmail.com,F,51,China,FALSE,FALSE,57:00.0,59:42.9
u1235,u1235@gmail.com,F,39,Saudi,FALSE,FALSE,42:00.0,59:42.9
u1236,u1236@gmail.com,F,45,Vietnam,TRUE,FALSE,44:00.0,59:42.9
u1237,u1237@gmail.com,F,28,HongKong/HK,TRUE,FALSE,24:00.0,59:42.9
u1238,u1238@gmail.com,F,41,China,TRUE,FALSE,50:00.0,59:42.9
u1239,u1239@gmail.com,F,40,Iran/Qatar,TRUE,FALSE,48:00.0,59:42.9
u1240,u1240@gmail.com,F,39,China,TRUE,FALSE,46:00.0,59:42.9
u1241,u1241@gmail.com,F,37,Vietnam,TRUE,FALSE,28:00.0,59:42.9
u1242,u1242@gmail.com,F,33,HongKong/HK,TRUE,FALSE,42:00.0,59:42.9
u1243,u1243@gmail.com,F,54,U.S.A,TRUE,FALSE,47:00.0,59:42.9
u1244,u1244@gmail.com,F,42,China,TRUE,FALSE,20:00.0,59:42.9
u1245,u1245@gmail.com,F,29,China,TRUE,FALSE,59:00.0,59:42.9
u1246,u1246@gmail.com,F,44,Saudi,FALSE,FALSE,30:00.0,59:42.9
u1247,u1247@gmail.com,F,59,Vietnam,TRUE,FALSE,43:00.0,59:42.9
u1248,u1248@gmail.com,F,47,Iran/Qatar,FALSE,FALSE,39:00.0,59:42.9
u1249,u1249@gmail.com,F,31,China,FALSE,FALSE,23:00.0,59:42.9
u1250,u1250@gmail.com,F,41,HongKong/HK,TRUE,FALSE,27:00.0,59:43.0
u1251,u1251@gmail.com,M,46,China,FALSE,FALSE,37:00.0,59:43.0
u1252,u1252@gmail.com,F,29,Iran/Qatar,TRUE,FALSE,42:00.0,59:43.0
u1253,u1253@gmail.com,M,45,HongKong/HK,TRUE,FALSE,38:00.0,59:43.0
u1254,u1254@gmail.com,F,40,HongKong/HK,FALSE,FALSE,18:00.0,59:43.0
u1255,u1255@gmail.com,F,40,China,TRUE,FALSE,14:00.0,59:43.0
u1256,u1256@gmail.com,F,48,HongKong/HK,TRUE,FALSE,47:00.0,59:43.0
u1257,u1257@gmail.com,F,41,Saudi,FALSE,FALSE,42:00.0,59:43.0
u1258,u1258@gmail.com,F,52,U.S.A,TRUE,FALSE,15:00.0,59:43.0
u1259,u1259@gmail.com,F,17,HongKong/HK,TRUE,FALSE,43:00.0,59:43.0
u1260,u1260@gmail.com,F,21,Vietnam,TRUE,FALSE,48:00.0,59:43.0
u1261,u1261@gmail.com,F,33,Vietnam,FALSE,FALSE,39:00.0,59:43.0
u1262,u1262@gmail.com,F,60,HongKong/HK,TRUE,TRUE,58:00.0,59:43.0
u1263,u1263@gmail.com,F,43,U.S.A,TRUE,FALSE,41:00.0,59:43.0
u1264,u1264@gmail.com,F,39,HongKong/HK,FALSE,FALSE,30:00.0,59:43.0
u1265,u1265@gmail.com,F,33,Saudi,TRUE,FALSE,41:00.0,59:43.0
u1266,u1266@gmail.com,F,39,Saudi,FALSE,FALSE,28:00.0,59:43.0
u1267,u1267@gmail.com,F,43,HongKong/HK,TRUE,FALSE,54:00.0,59:43.0
u1268,u1268@gmail.com,F,43,Saudi,FALSE,FALSE,48:00.0,59:43.0
u1269,u1269@gmail.com,F,23,China,TRUE,TRUE,39:00.0,59:43.0
u1270,u1270@gmail.com,F,38,Vietnam,FALSE,FALSE,43:00.0,59:43.0
u1271,u1271@gmail.com,F,41,Vietnam,FALSE,FALSE,49:00.0,59:43.1
u1272,u1272@gmail.com,F,37,China,FALSE,FALSE,18:00.0,59:43.1
u1273,u1273@gmail.com,F,16,HongKong/HK,TRUE,FALSE,35:00.0,59:43.1
u1274,u1274@gmail.com,F,48,China,TRUE,FALSE,14:00.0,59:43.1
u1275,u1275@gmail.com,F,49,Vietnam,TRUE,FALSE,26:00.0,59:43.1
u1276,u1276@gmail.com,F,34,HongKong/HK,TRUE,FALSE,42:00.0,59:43.1
u1277,u1277@gmail.com,F,54,HongKong/HK,TRUE,FALSE,46:00.0,59:43.1
u1278,u1278@gmail.com,M,29,U.S.A,FALSE,FALSE,48:00.0,59:43.1
u1279,u1279@gmail.com,F,36,HongKong/HK,FALSE,FALSE,49:00.0,59:43.1
u1280,u1280@gmail.com,F,32,China,TRUE,FALSE,42:00.0,59:43.1
u1281,u1281@gmail.com,F,48,HongKong/HK,FALSE,TRUE,21:00.0,59:43.1
u1282,u1282@gmail.com,F,37,HongKong/HK,TRUE,TRUE,22:00.0,59:43.1
u1283,u1283@gmail.com,F,54,U.S.A,TRUE,FALSE,48:00.0,59:43.1
u1284,u1284@gmail.com,F,54,China,FALSE,FALSE,35:00.0,59:43.1
u1285,u1285@gmail.com,F,38,U.S.A,TRUE,FALSE,13:00.0,59:43.1
u1286,u1286@gmail.com,F,49,Iran/Qatar,TRUE,FALSE,48:00.0,59:43.1
u1287,u1287@gmail.com,F,38,HongKong/HK,TRUE,FALSE,53:00.0,59:43.1
u1288,u1288@gmail.com,F,40,U.S.A,TRUE,FALSE,50:00.0,59:43.1
u1289,u1289@gmail.com,F,44,U.S.A,TRUE,FALSE,34:00.0,59:43.1
u1290,u1290@gmail.com,F,44,U.S.A,FALSE,FALSE,25:00.0,59:43.1
u1291,u1291@gmail.com,F,39,U.S.A,FALSE,FALSE,52:00.0,59:43.1
u1292,u1292@gmail.com,F,37,U.S.A,FALSE,FALSE,35:00.0,59:43.1
u1293,u1293@gmail.com,F,39,China,TRUE,FALSE,43:00.0,59:43.1
u1294,u1294@gmail.com,F,19,Iran/Qatar,TRUE,FALSE,52:00.0,59:43.2
u1295,u1295@gmail.com,F,39,U.S.A,TRUE,FALSE,24:00.0,59:43.2
u1296,u1296@gmail.com,F,47,U.S.A,TRUE,FALSE,49:00.0,59:43.2
u1297,u1297@gmail.com,F,40,U.S.A,FALSE,FALSE,30:00.0,59:43.2
u1298,u1298@gmail.com,F,39,China,FALSE,FALSE,41:00.0,59:43.2
u1299,u1299@gmail.com,F,40,Vietnam,FALSE,TRUE,40:00.0,59:43.2
u1300,u1300@gmail.com,F,47,Vietnam,TRUE,FALSE,47:00.0,59:43.2
u1301,u1301@gmail.com,F,60,Vietnam,TRUE,FALSE,32:00.0,59:43.2
u1302,u1302@gmail.com,F,34,China,TRUE,FALSE,24:00.0,59:43.2
u1303,u1303@gmail.com,F,36,Iran/Qatar,TRUE,FALSE,24:00.0,59:43.2
u1304,u1304@gmail.com,F,20,Saudi,TRUE,FALSE,31:00.0,59:43.2
u1305,u1305@gmail.com,F,38,China,TRUE,FALSE,44:00.0,59:43.2
u1306,u1306@gmail.com,F,54,China,TRUE,FALSE,22:00.0,59:43.2
u1307,u1307@gmail.com,F,34,China,TRUE,FALSE,47:00.0,59:43.2
u1308,u1308@gmail.com,F,40,U.S.A,FALSE,FALSE,38:00.0,59:43.2
u1309,u1309@gmail.com,F,33,HongKong/HK,TRUE,FALSE,32:00.0,59:43.2
u1310,u1310@gmail.com,F,31,China,TRUE,FALSE,27:00.0,59:43.2
u1311,u1311@gmail.com,F,27,U.S.A,TRUE,FALSE,24:00.0,59:43.2
u1312,u1312@gmail.com,F,30,U.S.A,FALSE,FALSE,16:00.0,59:43.2
u1313,u1313@gmail.com,F,33,U.S.A,TRUE,FALSE,45:00.0,59:43.2
u1314,u1314@gmail.com,F,45,U.S.A,TRUE,FALSE,50:00.0,59:43.2
u1315,u1315@gmail.com,F,52,HongKong/HK,TRUE,FALSE,33:00.0,59:43.3
u1316,u1316@gmail.com,F,27,China,FALSE,FALSE,48:00.0,59:43.3
u1317,u1317@gmail.com,F,41,U.S.A,FALSE,FALSE,39:00.0,59:43.3
u1318,u1318@gmail.com,F,39,Saudi,TRUE,FALSE,16:00.0,59:43.3
u1319,u1319@gmail.com,M,45,China,TRUE,FALSE,57:00.0,59:43.3
u1320,u1320@gmail.com,F,53,Vietnam,FALSE,FALSE,16:00.0,59:43.3
u1321,u1321@gmail.com,F,40,China,FALSE,TRUE,50:00.0,59:43.3
u1322,u1322@gmail.com,F,39,U.S.A,TRUE,FALSE,50:00.0,59:43.3
u1323,u1323@gmail.com,F,38,U.S.A,TRUE,FALSE,42:00.0,59:43.3
u1324,u1324@gmail.com,F,48,U.S.A,FALSE,FALSE,21:00.0,59:43.3
u1325,u1325@gmail.com,F,45,Saudi,FALSE,FALSE,13:00.0,59:43.3
u1326,u1326@gmail.com,F,42,U.S.A,TRUE,FALSE,16:00.0,59:43.3
u1327,u1327@gmail.com,F,43,Iran/Qatar,TRUE,FALSE,45:00.0,59:43.3
u1328,u1328@gmail.com,F,46,Saudi,TRUE,FALSE,59:00.0,59:43.3
u1329,u1329@gmail.com,F,29,China,FALSE,FALSE,22:00.0,59:43.3
u1330,u1330@gmail.com,F,31,U.S.A,TRUE,FALSE,19:00.0,59:43.3
u1331,u1331@gmail.com,F,44,U.S.A,TRUE,TRUE,55:00.0,59:43.3
u1332,u1332@gmail.com,F,32,China,TRUE,FALSE,21:00.0,59:43.3
u1333,u1333@gmail.com,F,36,China,FALSE,FALSE,19:00.0,59:43.3
u1334,u1334@gmail.com,F,23,Vietnam,FALSE,FALSE,23:00.0,59:43.3
u1335,u1335@gmail.com,F,37,China,FALSE,FALSE,56:00.0,59:43.3
u1336,u1336@gmail.com,F,27,Vietnam,FALSE,FALSE,52:00.0,59:43.3
u1337,u1337@gmail.com,F,55,Iran/Qatar,FALSE,FALSE,33:00.0,59:43.4
u1338,u1338@gmail.com,F,52,Iran/Qatar,TRUE,FALSE,45:00.0,59:43.4
u1339,u1339@gmail.com,F,33,China,TRUE,FALSE,41:00.0,59:43.4
u1340,u1340@gmail.com,F,25,Saudi,TRUE,FALSE,26:00.0,59:43.4
u1341,u1341@gmail.com,F,49,China,TRUE,FALSE,13:00.0,59:43.4
u1342,u1342@gmail.com,F,41,China,TRUE,FALSE,44:00.0,59:43.4
u1343,u1343@gmail.com,F,43,HongKong/HK,TRUE,FALSE,42:00.0,59:43.4
u1344,u1344@gmail.com,F,35,China,FALSE,FALSE,27:00.0,59:43.4
u1345,u1345@gmail.com,F,47,U.S.A,TRUE,FALSE,23:00.0,59:43.4
u1346,u1346@gmail.com,F,23,HongKong/HK,TRUE,FALSE,41:00.0,59:43.4
u1347,u1347@gmail.com,M,54,HongKong/HK,TRUE,FALSE,21:00.0,59:43.4
u1348,u1348@gmail.com,F,52,U.S.A,TRUE,FALSE,40:00.0,59:43.4
u1349,u1349@gmail.com,F,50,U.S.A,TRUE,TRUE,54:00.0,59:43.4
u1350,u1350@gmail.com,F,43,U.S.A,FALSE,FALSE,39:00.0,59:43.4
u1351,u1351@gmail.com,F,46,U.S.A,TRUE,FALSE,18:00.0,59:43.4
u1352,u1352@gmail.com,F,40,HongKong/HK,FALSE,FALSE,44:00.0,59:43.4
u1353,u1353@gmail.com,M,46,HongKong/HK,TRUE,FALSE,48:00.0,59:43.4
u1354,u1354@gmail.com,F,38,U.S.A,TRUE,FALSE,51:00.0,59:43.4
u1355,u1355@gmail.com,F,53,Vietnam,TRUE,FALSE,20:00.0,59:43.4
u1356,u1356@gmail.com,F,32,U.S.A,TRUE,FALSE,26:00.0,59:43.4
u1357,u1357@gmail.com,F,36,China,TRUE,FALSE,17:00.0,59:43.4
u1358,u1358@gmail.com,F,54,HongKong/HK,TRUE,FALSE,47:00.0,59:43.4
u1359,u1359@gmail.com,F,47,China,TRUE,FALSE,43:00.0,59:43.5
u1360,u1360@gmail.com,M,51,U.S.A,FALSE,TRUE,39:00.0,59:43.5
u1361,u1361@gmail.com,F,60,U.S.A,TRUE,FALSE,13:00.0,59:43.5
u1362,u1362@gmail.com,F,36,U.S.A,TRUE,FALSE,45:00.0,59:43.5
u1363,u1363@gmail.com,F,26,China,TRUE,FALSE,49:00.0,59:43.5
u1364,u1364@gmail.com,F,46,China,FALSE,FALSE,27:00.0,59:43.5
u1365,u1365@gmail.com,M,34,Vietnam,FALSE,FALSE,44:00.0,59:43.5
u1366,u1366@gmail.com,M,42,Vietnam,TRUE,FALSE,23:00.0,59:43.5
u1367,u1367@gmail.com,F,47,China,TRUE,TRUE,34:00.0,59:43.5
u1368,u1368@gmail.com,F,30,Iran/Qatar,TRUE,FALSE,58:00.0,59:43.5
u1369,u1369@gmail.com,F,45,U.S.A,TRUE,FALSE,57:00.0,59:43.5
u1370,u1370@gmail.com,F,48,U.S.A,FALSE,FALSE,52:00.0,59:43.5
u1371,u1371@gmail.com,F,40,U.S.A,TRUE,FALSE,26:00.0,59:43.5
u1372,u1372@gmail.com,F,41,U.S.A,TRUE,FALSE,15:00.0,59:43.5
u1373,u1373@gmail.com,F,50,HongKong/HK,TRUE,FALSE,22:00.0,59:43.5
u1374,u1374@gmail.com,F,28,Saudi,TRUE,TRUE,37:00.0,59:43.5
u1375,u1375@gmail.com,F,44,Vietnam,TRUE,FALSE,16:00.0,59:43.5
u1376,u1376@gmail.com,F,44,Saudi,TRUE,FALSE,37:00.0,59:43.5
u1377,u1377@gmail.com,F,48,China,FALSE,FALSE,45:00.0,59:43.5
u1378,u1378@gmail.com,F,42,Vietnam,FALSE,TRUE,27:00.0,59:43.5
u1379,u1379@gmail.com,F,43,China,FALSE,FALSE,19:00.0,59:43.5
u1380,u1380@gmail.com,F,21,U.S.A,TRUE,TRUE,14:00.0,59:43.5
u1381,u1381@gmail.com,F,59,Vietnam,TRUE,FALSE,33:00.0,59:43.5
u1382,u1382@gmail.com,F,35,U.S.A,FALSE,FALSE,55:00.0,59:43.6
u1383,u1383@gmail.com,F,69,China,TRUE,TRUE,36:00.0,59:43.6
u1384,u1384@gmail.com,F,39,China,TRUE,FALSE,51:00.0,59:43.6
u1385,u1385@gmail.com,F,20,U.S.A,FALSE,FALSE,29:00.0,59:43.6
u1386,u1386@gmail.com,F,36,China,TRUE,TRUE,59:00.0,59:43.6
u1387,u1387@gmail.com,M,47,HongKong/HK,FALSE,FALSE,54:00.0,59:43.6
u1388,u1388@gmail.com,F,39,HongKong/HK,FALSE,FALSE,35:00.0,59:43.6
u1389,u1389@gmail.com,F,26,China,TRUE,FALSE,51:00.0,59:43.6
u1390,u1390@gmail.com,F,45,U.S.A,FALSE,FALSE,20:00.0,59:43.6
u1391,u1391@gmail.com,F,40,HongKong/HK,TRUE,TRUE,37:00.0,59:43.6
u1392,u1392@gmail.com,F,55,China,TRUE,FALSE,44:00.0,59:43.6
u1393,u1393@gmail.com,F,54,HongKong/HK,TRUE,FALSE,16:00.0,59:43.6
u1394,u1394@gmail.com,F,37,China,TRUE,FALSE,16:00.0,59:43.6
u1395,u1395@gmail.com,F,36,China,TRUE,TRUE,13:00.0,59:43.6
u1396,u1396@gmail.com,F,32,China,TRUE,FALSE,20:00.0,59:43.6
u1397,u1397@gmail.com,F,38,HongKong/HK,TRUE,FALSE,29:00.0,59:43.6
u1398,u1398@gmail.com,F,44,Iran/Qatar,FALSE,FALSE,25:00.0,59:43.6
u1399,u1399@gmail.com,F,33,Vietnam,FALSE,FALSE,51:00.0,59:43.6
u1400,u1400@gmail.com,F,24,China,TRUE,FALSE,43:00.0,59:43.6
u1401,u1401@gmail.com,F,24,U.S.A,FALSE,FALSE,44:00.0,59:43.6
u1402,u1402@gmail.com,F,48,U.S.A,TRUE,FALSE,31:00.0,59:43.6
u1403,u1403@gmail.com,F,46,U.S.A,TRUE,TRUE,14:00.0,59:43.7
u1404,u1404@gmail.com,F,40,HongKong/HK,FALSE,FALSE,34:00.0,59:43.7
u1405,u1405@gmail.com,M,45,Vietnam,FALSE,FALSE,49:00.0,59:43.7
u1406,u1406@gmail.com,F,40,HongKong/HK,TRUE,FALSE,53:00.0,59:43.7
u1407,u1407@gmail.com,F,65,U.S.A,TRUE,FALSE,32:00.0,59:43.7
u1408,u1408@gmail.com,F,36,China,FALSE,FALSE,24:00.0,59:43.7
u1409,u1409@gmail.com,F,60,China,TRUE,FALSE,44:00.0,59:43.7
u1410,u1410@gmail.com,F,19,China,TRUE,FALSE,19:00.0,59:43.7
u1411,u1411@gmail.com,F,30,U.S.A,TRUE,FALSE,37:00.0,59:43.7
u1412,u1412@gmail.com,F,29,U.S.A,TRUE,FALSE,31:00.0,59:43.7
u1413,u1413@gmail.com,F,50,U.S.A,FALSE,FALSE,54:00.0,59:43.7
u1414,u1414@gmail.com,F,34,Saudi,FALSE,FALSE,29:00.0,59:43.7
u1415,u1415@gmail.com,F,44,U.S.A,TRUE,FALSE,58:00.0,59:43.7
u1416,u1416@gmail.com,F,41,China,TRUE,FALSE,28:00.0,59:43.7
u1417,u1417@gmail.com,F,11,HongKong/HK,TRUE,FALSE,43:00.0,59:43.7
u1418,u1418@gmail.com,F,54,China,TRUE,FALSE,52:00.0,59:43.7
u1419,u1419@gmail.com,F,49,Vietnam,TRUE,FALSE,17:00.0,59:43.7
u1420,u1420@gmail.com,F,36,HongKong/HK,TRUE,FALSE,15:00.0,59:43.7
u1421,u1421@gmail.com,F,41,HongKong/HK,FALSE,FALSE,28:00.0,59:43.7
u1422,u1422@gmail.com,F,45,HongKong/HK,FALSE,FALSE,47:00.0,59:43.7
u1423,u1423@gmail.com,F,38,Vietnam,FALSE,TRUE,58:00.0,59:43.7
u1424,u1424@gmail.com,F,22,Vietnam,FALSE,FALSE,47:00.0,59:43.7
u1425,u1425@gmail.com,F,39,U.S.A,FALSE,FALSE,16:00.0,59:43.8
u1426,u1426@gmail.com,F,45,Iran/Qatar,TRUE,FALSE,47:00.0,59:43.8
u1427,u1427@gmail.com,F,41,U.S.A,TRUE,FALSE,36:00.0,59:43.8
u1428,u1428@gmail.com,F,29,China,TRUE,FALSE,45:00.0,59:43.8
u1429,u1429@gmail.com,F,55,Saudi,FALSE,FALSE,41:00.0,59:43.8
u1430,u1430@gmail.com,F,49,Saudi,FALSE,TRUE,25:00.0,59:43.8
u1431,u1431@gmail.com,F,43,Vietnam,TRUE,FALSE,24:00.0,59:43.8
u1432,u1432@gmail.com,M,40,HongKong/HK,TRUE,FALSE,15:00.0,59:43.8
u1433,u1433@gmail.com,F,34,Saudi,TRUE,FALSE,46:00.0,59:43.8
u1434,u1434@gmail.com,F,28,China,FALSE,FALSE,20:00.0,59:43.8
u1435,u1435@gmail.com,F,13,U.S.A,TRUE,FALSE,42:00.0,59:43.8
u1436,u1436@gmail.com,F,47,China,TRUE,FALSE,22:00.0,59:43.8
u1437,u1437@gmail.com,M,29,Vietnam,TRUE,FALSE,39:00.0,59:43.8
u1438,u1438@gmail.com,F,45,China,TRUE,FALSE,26:00.0,59:43.8
u1439,u1439@gmail.com,F,39,China,TRUE,FALSE,44:00.0,59:43.8
u1440,u1440@gmail.com,F,28,U.S.A,TRUE,FALSE,54:00.0,59:43.8
u1441,u1441@gmail.com,M,39,U.S.A,FALSE,FALSE,28:00.0,59:43.8
u1442,u1442@gmail.com,F,44,China,TRUE,FALSE,57:00.0,59:43.8
u1443,u1443@gmail.com,F,56,China,TRUE,TRUE,50:00.0,59:43.8
u1444,u1444@gmail.com,F,32,U.S.A,FALSE,FALSE,21:00.0,59:43.8
u1445,u1445@gmail.com,F,56,U.S.A,TRUE,FALSE,50:00.0,59:43.9
u1446,u1446@gmail.com,F,37,China,TRUE,FALSE,32:00.0,59:43.9
u1447,u1447@gmail.com,F,29,China,TRUE,FALSE,30:00.0,59:43.9
u1448,u1448@gmail.com,F,45,U.S.A,TRUE,FALSE,35:00.0,59:43.9
u1449,u1449@gmail.com,F,31,Saudi,TRUE,FALSE,53:00.0,59:43.9
u1450,u1450@gmail.com,F,57,China,FALSE,FALSE,13:00.0,59:43.9
u1451,u1451@gmail.com,F,28,China,TRUE,FALSE,49:00.0,59:43.9
u1452,u1452@gmail.com,F,40,Saudi,TRUE,FALSE,38:00.0,59:43.9
u1453,u1453@gmail.com,F,47,China,TRUE,FALSE,57:00.0,59:43.9
u1454,u1454@gmail.com,F,27,China,TRUE,FALSE,47:00.0,59:43.9
u1455,u1455@gmail.com,F,25,China,TRUE,TRUE,15:00.0,59:43.9
u1456,u1456@gmail.com,F,26,Iran/Qatar,TRUE,FALSE,44:00.0,59:43.9
u1457,u1457@gmail.com,F,34,U.S.A,TRUE,TRUE,41:00.0,59:43.9
u1458,u1458@gmail.com,F,47,Saudi,FALSE,FALSE,13:00.0,59:43.9
u1459,u1459@gmail.com,F,46,HongKong/HK,TRUE,FALSE,44:00.0,59:43.9
u1460,u1460@gmail.com,F,55,HongKong/HK,FALSE,FALSE,34:00.0,59:43.9
u1461,u1461@gmail.com,F,39,U.S.A,TRUE,FALSE,13:00.0,59:43.9
u1462,u1462@gmail.com,F,38,Vietnam,TRUE,FALSE,21:00.0,59:43.9
u1463,u1463@gmail.com,F,31,HongKong/HK,TRUE,FALSE,19:00.0,59:43.9
u1464,u1464@gmail.com,F,41,U.S.A,TRUE,FALSE,31:00.0,59:43.9
u1465,u1465@gmail.com,F,55,China,TRUE,FALSE,33:00.0,59:43.9
u1466,u1466@gmail.com,F,54,U.S.A,TRUE,TRUE,45:00.0,59:44.0
u1467,u1467@gmail.com,F,32,Iran/Qatar,FALSE,FALSE,59:00.0,59:44.0
u1468,u1468@gmail.com,F,42,HongKong/HK,TRUE,FALSE,37:00.0,59:44.0
u1469,u1469@gmail.com,F,39,China,FALSE,FALSE,55:00.0,59:44.0
u1470,u1470@gmail.com,F,40,China,TRUE,FALSE,42:00.0,59:44.0
u1471,u1471@gmail.com,F,38,HongKong/HK,FALSE,TRUE,58:00.0,59:44.0
u1472,u1472@gmail.com,F,34,China,TRUE,FALSE,17:00.0,59:44.0
u1473,u1473@gmail.com,F,41,HongKong/HK,TRUE,TRUE,18:00.0,59:44.0
u1474,u1474@gmail.com,F,48,U.S.A,TRUE,FALSE,39:00.0,59:44.0
u1475,u1475@gmail.com,F,49,U.S.A,FALSE,FALSE,56:00.0,59:44.0
u1476,u1476@gmail.com,F,26,China,FALSE,FALSE,15:00.0,59:44.0
u1477,u1477@gmail.com,F,29,U.S.A,FALSE,FALSE,44:00.0,59:44.0
u1478,u1478@gmail.com,F,46,U.S.A,TRUE,FALSE,47:00.0,59:44.0
u1479,u1479@gmail.com,F,44,Saudi,TRUE,FALSE,45:00.0,59:44.0
u1480,u1480@gmail.com,F,53,U.S.A,TRUE,FALSE,28:00.0,59:44.0
u1481,u1481@gmail.com,F,48,China,FALSE,TRUE,14:00.0,59:44.0
u1482,u1482@gmail.com,F,63,HongKong/HK,FALSE,FALSE,15:00.0,59:44.0
u1483,u1483@gmail.com,F,38,HongKong/HK,TRUE,TRUE,54:00.0,59:44.0
u1484,u1484@gmail.com,F,30,China,FALSE,FALSE,26:00.0,59:44.0
u1485,u1485@gmail.com,F,24,China,TRUE,FALSE,31:00.0,59:44.0
u1486,u1486@gmail.com,F,41,U.S.A,TRUE,FALSE,47:00.0,59:44.0
u1487,u1487@gmail.com,M,45,HongKong/HK,FALSE,FALSE,13:00.0,59:44.1
u1488,u1488@gmail.com,F,48,U.S.A,TRUE,FALSE,46:00.0,59:44.1
u1489,u1489@gmail.com,F,33,U.S.A,TRUE,FALSE,25:00.0,59:44.1
u1490,u1490@gmail.com,F,46,Vietnam,FALSE,FALSE,39:00.0,59:44.1
u1491,u1491@gmail.com,F,48,China,FALSE,FALSE,31:00.0,59:44.1
u1492,u1492@gmail.com,F,40,U.S.A,TRUE,FALSE,15:00.0,59:44.1
u1493,u1493@gmail.com,F,45,Saudi,TRUE,FALSE,35:00.0,59:44.1
u1494,u1494@gmail.com,F,30,U.S.A,TRUE,FALSE,53:00.0,59:44.1
u1495,u1495@gmail.com,M,42,China,TRUE,FALSE,34:00.0,59:44.1
u1496,u1496@gmail.com,F,22,China,TRUE,FALSE,52:00.0,59:44.1
u1497,u1497@gmail.com,F,28,China,TRUE,FALSE,47:00.0,59:44.1
u1498,u1498@gmail.com,F,46,Iran/Qatar,TRUE,FALSE,33:00.0,59:44.1
u1499,u1499@gmail.com,M,32,U.S.A,TRUE,FALSE,28:00.0,59:44.1
u1500,u1500@gmail.com,F,65,U.S.A,TRUE,FALSE,44:00.0,59:44.1
u1501,u1501@gmail.com,F,55,U.S.A,TRUE,FALSE,32:00.0,59:44.1
u1502,u1502@gmail.com,F,48,China,TRUE,FALSE,30:00.0,59:44.1
u1503,u1503@gmail.com,F,56,U.S.A,TRUE,FALSE,37:00.0,59:44.1
u1504,u1504@gmail.com,F,42,HongKong/HK,TRUE,FALSE,22:00.0,59:44.1
u1505,u1505@gmail.com,F,38,U.S.A,TRUE,FALSE,40:00.0,59:44.1
u1506,u1506@gmail.com,F,33,Saudi,TRUE,FALSE,13:00.0,59:44.1
u1507,u1507@gmail.com,F,48,HongKong/HK,TRUE,TRUE,33:00.0,59:44.1
u1508,u1508@gmail.com,M,39,Vietnam,TRUE,FALSE,15:00.0,59:44.2
u1509,u1509@gmail.com,F,34,HongKong/HK,FALSE,FALSE,29:00.0,59:44.2
u1510,u1510@gmail.com,F,41,Iran/Qatar,TRUE,FALSE,55:00.0,59:44.2
u1511,u1511@gmail.com,F,39,Saudi,TRUE,FALSE,17:00.0,59:44.2
u1512,u1512@gmail.com,F,24,Vietnam,FALSE,FALSE,46:00.0,59:44.2
u1513,u1513@gmail.com,F,38,Saudi,FALSE,FALSE,35:00.0,59:44.2
u1514,u1514@gmail.com,F,60,U.S.A,TRUE,FALSE,35:00.0,59:44.2
u1515,u1515@gmail.com,F,28,Iran/Qatar,TRUE,FALSE,26:00.0,59:44.2
u1516,u1516@gmail.com,F,58,U.S.A,FALSE,FALSE,55:00.0,59:44.2
u1517,u1517@gmail.com,F,49,U.S.A,FALSE,FALSE,45:00.0,59:44.2
u1518,u1518@gmail.com,F,37,China,FALSE,FALSE,18:00.0,59:44.2
u1519,u1519@gmail.com,F,32,China,TRUE,FALSE,56:00.0,59:44.2
u1520,u1520@gmail.com,F,42,Saudi,TRUE,FALSE,50:00.0,59:44.2
u1521,u1521@gmail.com,F,30,China,FALSE,FALSE,43:00.0,59:44.2
u1522,u1522@gmail.com,F,41,U.S.A,TRUE,FALSE,24:00.0,59:44.2
u1523,u1523@gmail.com,F,33,HongKong/HK,TRUE,FALSE,30:00.0,59:44.2
u1524,u1524@gmail.com,F,44,Vietnam,FALSE,FALSE,27:00.0,59:44.2
u1525,u1525@gmail.com,F,41,Iran/Qatar,FALSE,FALSE,44:00.0,59:44.2
u1526,u1526@gmail.com,F,41,U.S.A,TRUE,FALSE,41:00.0,59:44.2
u1527,u1527@gmail.com,F,32,China,TRUE,FALSE,17:00.0,59:44.2
u1528,u1528@gmail.com,F,45,Vietnam,TRUE,FALSE,27:00.0,59:44.2
u1529,u1529@gmail.com,F,38,China,TRUE,FALSE,15:00.0,59:44.2
u1530,u1530@gmail.com,F,48,U.S.A,TRUE,FALSE,58:00.0,59:44.3
u1531,u1531@gmail.com,F,29,China,TRUE,FALSE,39:00.0,59:44.3
u1532,u1532@gmail.com,F,27,HongKong/HK,TRUE,FALSE,17:00.0,59:44.3
u1533,u1533@gmail.com,F,50,HongKong/HK,TRUE,FALSE,25:00.0,59:44.3
u1534,u1534@gmail.com,F,37,U.S.A,TRUE,FALSE,38:00.0,59:44.3
u1535,u1535@gmail.com,F,27,Saudi,FALSE,FALSE,35:00.0,59:44.3
u1536,u1536@gmail.com,F,37,China,FALSE,FALSE,59:00.0,59:44.3
u1537,u1537@gmail.com,F,51,U.S.A,TRUE,FALSE,26:00.0,59:44.3
u1538,u1538@gmail.com,F,56,U.S.A,TRUE,TRUE,22:00.0,59:44.3
u1539,u1539@gmail.com,F,54,U.S.A,FALSE,FALSE,26:00.0,59:44.3
u1540,u1540@gmail.com,F,30,HongKong/HK,FALSE,TRUE,56:00.0,59:44.3
u1541,u1541@gmail.com,M,54,HongKong/HK,FALSE,TRUE,30:00.0,59:44.3
u1542,u1542@gmail.com,F,43,Saudi,TRUE,FALSE,55:00.0,59:44.3
u1543,u1543@gmail.com,F,37,China,TRUE,FALSE,37:00.0,59:44.3
u1544,u1544@gmail.com,F,45,China,TRUE,FALSE,38:00.0,59:44.3
u1545,u1545@gmail.com,F,25,U.S.A,TRUE,FALSE,22:00.0,59:44.3
u1546,u1546@gmail.com,M,52,China,FALSE,FALSE,30:00.0,59:44.3
u1547,u1547@gmail.com,F,37,HongKong/HK,TRUE,FALSE,28:00.0,59:44.3
u1548,u1548@gmail.com,F,30,Iran/Qatar,FALSE,FALSE,36:00.0,59:44.3
u1549,u1549@gmail.com,F,50,HongKong/HK,TRUE,FALSE,13:00.0,59:44.3
u1550,u1550@gmail.com,F,50,Iran/Qatar,FALSE,FALSE,42:00.0,59:44.4
u1551,u1551@gmail.com,F,37,U.S.A,TRUE,FALSE,48:00.0,59:44.4
u1552,u1552@gmail.com,F,51,HongKong/HK,TRUE,FALSE,49:00.0,59:44.4
u1553,u1553@gmail.com,F,50,HongKong/HK,TRUE,FALSE,54:00.0,59:44.4
u1554,u1554@gmail.com,F,20,HongKong/HK,FALSE,FALSE,18:00.0,59:44.4
u1555,u1555@gmail.com,F,32,China,TRUE,FALSE,45:00.0,59:44.4
u1556,u1556@gmail.com,F,37,Saudi,TRUE,FALSE,36:00.0,59:44.4
u1557,u1557@gmail.com,F,43,Saudi,TRUE,FALSE,40:00.0,59:44.4
u1558,u1558@gmail.com,F,45,China,TRUE,TRUE,33:00.0,59:44.4
u1559,u1559@gmail.com,F,35,Saudi,TRUE,FALSE,13:00.0,59:44.4
u1560,u1560@gmail.com,F,34,U.S.A,TRUE,FALSE,52:00.0,59:44.4
u1561,u1561@gmail.com,M,46,China,TRUE,FALSE,35:00.0,59:44.4
u1562,u1562@gmail.com,F,21,U.S.A,TRUE,FALSE,52:00.0,59:44.4
u1563,u1563@gmail.com,F,39,HongKong/HK,FALSE,FALSE,26:00.0,59:44.4
u1564,u1564@gmail.com,F,37,HongKong/HK,TRUE,FALSE,14:00.0,59:44.4
u1565,u1565@gmail.com,F,53,HongKong/HK,FALSE,FALSE,38:00.0,59:44.4
u1566,u1566@gmail.com,F,23,U.S.A,TRUE,FALSE,48:00.0,59:44.4
u1567,u1567@gmail.com,M,50,U.S.A,TRUE,FALSE,31:00.0,59:44.4
u1568,u1568@gmail.com,F,54,China,FALSE,FALSE,52:00.0,59:44.4
u1569,u1569@gmail.com,F,58,HongKong/HK,TRUE,FALSE,26:00.0,59:44.4
u1570,u1570@gmail.com,F,35,China,TRUE,FALSE,59:00.0,59:44.4
u1571,u1571@gmail.com,F,54,China,FALSE,TRUE,15:00.0,59:44.5
u1572,u1572@gmail.com,F,40,China,FALSE,FALSE,25:00.0,59:44.5
u1573,u1573@gmail.com,F,43,China,TRUE,FALSE,25:00.0,59:44.5
u1574,u1574@gmail.com,F,36,HongKong/HK,TRUE,FALSE,43:00.0,59:44.5
u1575,u1575@gmail.com,F,42,U.S.A,FALSE,FALSE,35:00.0,59:44.5
u1576,u1576@gmail.com,F,40,U.S.A,TRUE,FALSE,23:00.0,59:44.5
u1577,u1577@gmail.com,F,36,Vietnam,FALSE,FALSE,16:00.0,59:44.5
u1578,u1578@gmail.com,F,59,Iran/Qatar,TRUE,TRUE,51:00.0,59:44.5
u1579,u1579@gmail.com,F,38,U.S.A,TRUE,FALSE,18:00.0,59:44.5
u1580,u1580@gmail.com,F,48,China,TRUE,TRUE,24:00.0,59:44.5
u1581,u1581@gmail.com,F,39,HongKong/HK,FALSE,FALSE,21:00.0,59:44.5
u1582,u1582@gmail.com,F,27,China,TRUE,FALSE,57:00.0,59:44.5
u1583,u1583@gmail.com,F,44,U.S.A,TRUE,FALSE,15:00.0,59:44.5
u1584,u1584@gmail.com,F,35,HongKong/HK,TRUE,FALSE,21:00.0,59:44.5
u1585,u1585@gmail.com,F,46,China,TRUE,FALSE,42:00.0,59:44.5
u1586,u1586@gmail.com,M,14,U.S.A,FALSE,FALSE,23:00.0,59:44.5
u1587,u1587@gmail.com,F,26,China,FALSE,FALSE,20:00.0,59:44.5
u1588,u1588@gmail.com,M,39,Vietnam,FALSE,TRUE,16:00.0,59:44.5
u1589,u1589@gmail.com,F,49,U.S.A,TRUE,FALSE,47:00.0,59:44.5
u1590,u1590@gmail.com,F,39,China,TRUE,FALSE,14:00.0,59:44.5
u1591,u1591@gmail.com,F,64,U.S.A,TRUE,FALSE,53:00.0,59:44.6
u1592,u1592@gmail.com,F,50,China,TRUE,TRUE,20:00.0,59:44.6
u1593,u1593@gmail.com,F,37,China,TRUE,FALSE,52:00.0,59:44.6
u1594,u1594@gmail.com,F,50,China,TRUE,FALSE,27:00.0,59:44.6
u1595,u1595@gmail.com,F,34,HongKong/HK,TRUE,FALSE,13:00.0,59:44.6
u1596,u1596@gmail.com,F,39,HongKong/HK,TRUE,FALSE,48:00.0,59:44.6
u1597,u1597@gmail.com,F,37,China,TRUE,FALSE,39:00.0,59:44.6
u1598,u1598@gmail.com,F,38,China,TRUE,FALSE,29:00.0,59:44.6
u1599,u1599@gmail.com,F,40,China,TRUE,FALSE,20:00.0,59:44.6
u1600,u1600@gmail.com,M,44,Vietnam,FALSE,FALSE,46:00.0,59:44.6
u1601,u1601@gmail.com,F,39,U.S.A,FALSE,FALSE,59:00.0,59:44.6
u1602,u1602@gmail.com,F,47,U.S.A,TRUE,FALSE,20:00.0,59:44.6
u1603,u1603@gmail.com,F,34,U.S.A,TRUE,TRUE,55:00.0,59:44.6
u1604,u1604@gmail.com,F,32,U.S.A,TRUE,FALSE,59:00.0,59:44.6
u1605,u1605@gmail.com,F,44,Iran/Qatar,TRUE,FALSE,25:00.0,59:44.6
u1606,u1606@gmail.com,F,24,Iran/Qatar,TRUE,FALSE,51:00.0,59:44.6
u1607,u1607@gmail.com,F,42,U.S.A,TRUE,TRUE,36:00.0,59:44.6
u1608,u1608@gmail.com,F,51,HongKong/HK,TRUE,FALSE,53:00.0,59:44.6
u1609,u1609@gmail.com,F,39,HongKong/HK,TRUE,FALSE,49:00.0,59:44.6
u1610,u1610@gmail.com,F,44,Iran/Qatar,FALSE,FALSE,34:00.0,59:44.6
u1611,u1611@gmail.com,F,34,Saudi,FALSE,FALSE,52:00.0,59:44.6
u1612,u1612@gmail.com,F,36,HongKong/HK,FALSE,FALSE,24:00.0,59:44.6
u1613,u1613@gmail.com,F,44,Iran/Qatar,TRUE,FALSE,58:00.0,59:44.7
u1614,u1614@gmail.com,F,32,Saudi,TRUE,FALSE,21:00.0,59:44.7
u1615,u1615@gmail.com,F,27,China,TRUE,FALSE,51:00.0,59:44.7
u1616,u1616@gmail.com,F,33,U.S.A,FALSE,FALSE,39:00.0,59:44.7
u1617,u1617@gmail.com,F,34,Saudi,TRUE,FALSE,40:00.0,59:44.7
u1618,u1618@gmail.com,F,41,HongKong/HK,TRUE,FALSE,58:00.0,59:44.7
u1619,u1619@gmail.com,F,45,Iran/Qatar,FALSE,FALSE,16:00.0,59:44.7
u1620,u1620@gmail.com,F,55,Saudi,FALSE,FALSE,24:00.0,59:44.7
u1621,u1621@gmail.com,F,50,HongKong/HK,TRUE,FALSE,53:00.0,59:44.7
u1622,u1622@gmail.com,F,47,China,FALSE,FALSE,18:00.0,59:44.7
u1623,u1623@gmail.com,F,45,China,TRUE,FALSE,26:00.0,59:44.7
u1624,u1624@gmail.com,F,37,HongKong/HK,FALSE,FALSE,24:00.0,59:44.7
u1625,u1625@gmail.com,F,52,Vietnam,TRUE,FALSE,31:00.0,59:44.7
u1626,u1626@gmail.com,F,28,China,FALSE,TRUE,24:00.0,59:44.7
u1627,u1627@gmail.com,F,52,HongKong/HK,TRUE,FALSE,30:00.0,59:44.7
u1628,u1628@gmail.com,F,39,Saudi,FALSE,FALSE,36:00.0,59:44.7
u1629,u1629@gmail.com,F,30,Vietnam,TRUE,FALSE,29:00.0,59:44.7
u1630,u1630@gmail.com,F,26,HongKong/HK,FALSE,FALSE,27:00.0,59:44.7
u1631,u1631@gmail.com,F,23,U.S.A,TRUE,FALSE,13:00.0,59:44.7
u1632,u1632@gmail.com,F,46,Saudi,TRUE,FALSE,22:00.0,59:44.7
u1633,u1633@gmail.com,F,29,U.S.A,TRUE,FALSE,14:00.0,59:44.7
u1634,u1634@gmail.com,F,33,China,FALSE,FALSE,33:00.0,59:44.7
u1635,u1635@gmail.com,F,34,HongKong/HK,TRUE,FALSE,53:00.0,59:44.8
u1636,u1636@gmail.com,M,41,China,TRUE,FALSE,58:00.0,59:44.8
u1637,u1637@gmail.com,F,45,HongKong/HK,TRUE,FALSE,34:00.0,59:44.8
u1638,u1638@gmail.com,F,20,China,FALSE,FALSE,18:00.0,59:44.8
u1639,u1639@gmail.com,M,34,Vietnam,TRUE,FALSE,38:00.0,59:44.8
u1640,u1640@gmail.com,F,23,U.S.A,FALSE,FALSE,16:00.0,59:44.8
u1641,u1641@gmail.com,F,52,U.S.A,TRUE,FALSE,32:00.0,59:44.8
u1642,u1642@gmail.com,F,29,China,TRUE,FALSE,36:00.0,59:44.8
u1643,u1643@gmail.com,F,35,U.S.A,TRUE,FALSE,17:00.0,59:44.8
u1644,u1644@gmail.com,F,33,Saudi,TRUE,TRUE,49:00.0,59:44.8
u1645,u1645@gmail.com,F,41,U.S.A,TRUE,FALSE,28:00.0,59:44.8
u1646,u1646@gmail.com,F,36,China,TRUE,FALSE,23:00.0,59:44.8
u1647,u1647@gmail.com,F,34,Vietnam,TRUE,FALSE,26:00.0,59:44.8
u1648,u1648@gmail.com,F,39,China,FALSE,FALSE,54:00.0,59:44.8
u1649,u1649@gmail.com,F,38,U.S.A,TRUE,FALSE,43:00.0,59:44.8
u1650,u1650@gmail.com,F,40,U.S.A,TRUE,FALSE,21:00.0,59:44.8
u1651,u1651@gmail.com,M,35,China,FALSE,FALSE,55:00.0,59:44.8
u1652,u1652@gmail.com,F,30,U.S.A,TRUE,FALSE,33:00.0,59:44.8
u1653,u1653@gmail.com,F,23,HongKong/HK,TRUE,TRUE,17:00.0,59:44.8
u1654,u1654@gmail.com,F,32,Saudi,FALSE,FALSE,37:00.0,59:44.8
u1655,u1655@gmail.com,F,34,U.S.A,TRUE,FALSE,58:00.0,59:44.8
u1656,u1656@gmail.com,F,33,Vietnam,TRUE,FALSE,34:00.0,59:44.8
u1657,u1657@gmail.com,F,37,HongKong/HK,TRUE,FALSE,57:00.0,59:44.8
u1658,u1658@gmail.com,F,27,U.S.A,TRUE,FALSE,18:00.0,59:44.9
u1659,u1659@gmail.com,F,25,U.S.A,TRUE,FALSE,31:00.0,59:44.9
u1660,u1660@gmail.com,F,40,U.S.A,TRUE,FALSE,28:00.0,59:44.9
u1661,u1661@gmail.com,M,44,HongKong/HK,TRUE,FALSE,15:00.0,59:44.9
u1662,u1662@gmail.com,F,39,Vietnam,TRUE,FALSE,43:00.0,59:44.9
u1663,u1663@gmail.com,F,27,China,TRUE,FALSE,30:00.0,59:44.9
u1664,u1664@gmail.com,F,39,Saudi,TRUE,FALSE,58:00.0,59:44.9
u1665,u1665@gmail.com,F,53,China,FALSE,FALSE,37:00.0,59:44.9
u1666,u1666@gmail.com,F,24,U.S.A,TRUE,FALSE,54:00.0,59:44.9
u1667,u1667@gmail.com,F,55,Saudi,TRUE,FALSE,39:00.0,59:44.9
u1668,u1668@gmail.com,F,49,HongKong/HK,FALSE,FALSE,38:00.0,59:44.9
u1669,u1669@gmail.com,F,35,China,TRUE,FALSE,31:00.0,59:44.9
u1670,u1670@gmail.com,F,53,Vietnam,TRUE,TRUE,43:00.0,59:44.9
u1671,u1671@gmail.com,F,40,HongKong/HK,TRUE,FALSE,28:00.0,59:44.9
u1672,u1672@gmail.com,F,48,China,TRUE,FALSE,44:00.0,59:44.9
u1673,u1673@gmail.com,M,40,China,FALSE,FALSE,30:00.0,59:44.9
u1674,u1674@gmail.com,F,27,China,FALSE,TRUE,13:00.0,59:44.9
u1675,u1675@gmail.com,F,20,HongKong/HK,TRUE,FALSE,34:00.0,59:44.9
u1676,u1676@gmail.com,F,38,U.S.A,FALSE,TRUE,59:00.0,59:44.9
u1677,u1677@gmail.com,F,44,HongKong/HK,TRUE,FALSE,35:00.0,59:44.9
u1678,u1678@gmail.com,F,16,U.S.A,TRUE,FALSE,26:00.0,59:44.9
u1679,u1679@gmail.com,M,43,U.S.A,TRUE,FALSE,32:00.0,59:45.0
u1680,u1680@gmail.com,F,37,Saudi,FALSE,FALSE,48:00.0,59:45.0
u1681,u1681@gmail.com,F,48,China,TRUE,FALSE,50:00.0,59:45.0
u1682,u1682@gmail.com,F,43,China,TRUE,FALSE,47:00.0,59:45.0
u1683,u1683@gmail.com,F,25,Vietnam,FALSE,FALSE,50:00.0,59:45.0
u1684,u1684@gmail.com,M,44,Vietnam,TRUE,FALSE,27:00.0,59:45.0
u1685,u1685@gmail.com,F,37,U.S.A,TRUE,FALSE,58:00.0,59:45.0
u1686,u1686@gmail.com,F,33,U.S.A,TRUE,TRUE,50:00.0,59:45.0
u1687,u1687@gmail.com,F,19,China,TRUE,FALSE,43:00.0,59:45.0
u1688,u1688@gmail.com,F,42,Vietnam,TRUE,FALSE,35:00.0,59:45.0
u1689,u1689@gmail.com,F,46,China,FALSE,FALSE,20:00.0,59:45.0
u1690,u1690@gmail.com,F,38,Saudi,TRUE,FALSE,44:00.0,59:45.0
u1691,u1691@gmail.com,F,55,China,TRUE,FALSE,13:00.0,59:45.0
u1692,u1692@gmail.com,F,52,China,TRUE,FALSE,16:00.0,59:45.0
u1693,u1693@gmail.com,F,40,China,TRUE,FALSE,59:00.0,59:45.0
u1694,u1694@gmail.com,F,51,HongKong/HK,TRUE,FALSE,16:00.0,59:45.0
u1695,u1695@gmail.com,F,36,China,TRUE,FALSE,42:00.0,59:45.0
u1696,u1696@gmail.com,F,43,Iran/Qatar,FALSE,FALSE,16:00.0,59:45.0
u1697,u1697@gmail.com,F,25,China,FALSE,FALSE,25:00.0,59:45.0
u1698,u1698@gmail.com,F,40,U.S.A,TRUE,FALSE,41:00.0,59:45.0
u1699,u1699@gmail.com,F,28,China,TRUE,FALSE,51:00.0,59:45.0
u1700,u1700@gmail.com,F,24,China,TRUE,FALSE,27:00.0,59:45.0
u1701,u1701@gmail.com,F,44,HongKong/HK,TRUE,FALSE,32:00.0,59:45.1
u1702,u1702@gmail.com,F,41,U.S.A,TRUE,FALSE,26:00.0,59:45.1
u1703,u1703@gmail.com,F,34,Vietnam,TRUE,FALSE,43:00.0,59:45.1
u1704,u1704@gmail.com,F,41,U.S.A,TRUE,FALSE,39:00.0,59:45.1
u1705,u1705@gmail.com,F,28,China,TRUE,TRUE,52:00.0,59:45.1
u1706,u1706@gmail.com,F,47,China,FALSE,FALSE,21:00.0,59:45.1
u1707,u1707@gmail.com,F,34,U.S.A,FALSE,FALSE,43:00.0,59:45.1
u1708,u1708@gmail.com,F,58,China,FALSE,FALSE,54:00.0,59:45.1
u1709,u1709@gmail.com,F,21,HongKong/HK,TRUE,FALSE,30:00.0,59:45.1
u1710,u1710@gmail.com,F,21,U.S.A,TRUE,FALSE,41:00.0,59:45.1
u1711,u1711@gmail.com,F,49,HongKong/HK,FALSE,FALSE,28:00.0,59:45.1
u1712,u1712@gmail.com,F,23,China,TRUE,FALSE,22:00.0,59:45.1
u1713,u1713@gmail.com,F,33,HongKong/HK,TRUE,FALSE,16:00.0,59:45.1
u1714,u1714@gmail.com,F,36,U.S.A,TRUE,FALSE,37:00.0,59:45.1
u1715,u1715@gmail.com,F,37,U.S.A,FALSE,FALSE,56:00.0,59:45.1
u1716,u1716@gmail.com,F,41,Vietnam,TRUE,FALSE,14:00.0,59:45.1
u1717,u1717@gmail.com,F,31,China,TRUE,FALSE,44:00.0,59:45.1
u1718,u1718@gmail.com,F,30,HongKong/HK,TRUE,FALSE,48:00.0,59:45.1
u1719,u1719@gmail.com,F,37,China,FALSE,FALSE,52:00.0,59:45.1
u1720,u1720@gmail.com,F,49,Saudi,TRUE,FALSE,29:00.0,59:45.1
u1721,u1721@gmail.com,F,47,HongKong/HK,FALSE,FALSE,14:00.0,59:45.2
u1722,u1722@gmail.com,F,38,HongKong/HK,TRUE,FALSE,57:00.0,59:45.2
u1723,u1723@gmail.com,F,38,HongKong/HK,FALSE,TRUE,30:00.0,59:45.2
u1724,u1724@gmail.com,M,37,China,TRUE,FALSE,14:00.0,59:45.2
u1725,u1725@gmail.com,F,47,U.S.A,TRUE,TRUE,21:00.0,59:45.2
u1726,u1726@gmail.com,F,31,U.S.A,TRUE,FALSE,25:00.0,59:45.2
u1727,u1727@gmail.com,F,37,China,TRUE,FALSE,52:00.0,59:45.2
u1728,u1728@gmail.com,F,37,China,TRUE,FALSE,13:00.0,59:45.2
u1729,u1729@gmail.com,F,20,Saudi,TRUE,FALSE,27:00.0,59:45.2
u1730,u1730@gmail.com,F,27,U.S.A,FALSE,FALSE,32:00.0,59:45.2
u1731,u1731@gmail.com,F,23,Saudi,TRUE,FALSE,59:00.0,59:45.2
u1732,u1732@gmail.com,F,43,Saudi,TRUE,FALSE,46:00.0,59:45.2
u1733,u1733@gmail.com,F,30,HongKong/HK,FALSE,FALSE,21:00.0,59:45.2
u1734,u1734@gmail.com,F,49,U.S.A,TRUE,FALSE,41:00.0,59:45.2
u1735,u1735@gmail.com,F,23,China,TRUE,FALSE,52:00.0,59:45.2
u1736,u1736@gmail.com,F,14,China,TRUE,FALSE,19:00.0,59:45.2
u1737,u1737@gmail.com,F,25,China,TRUE,FALSE,21:00.0,59:45.2
u1738,u1738@gmail.com,F,34,Saudi,TRUE,FALSE,25:00.0,59:45.2
u1739,u1739@gmail.com,F,32,Vietnam,FALSE,FALSE,27:00.0,59:45.2
u1740,u1740@gmail.com,F,41,U.S.A,TRUE,FALSE,43:00.0,59:45.2
u1741,u1741@gmail.com,F,52,China,TRUE,FALSE,23:00.0,59:45.2
u1742,u1742@gmail.com,F,46,U.S.A,TRUE,TRUE,54:00.0,59:45.2
u1743,u1743@gmail.com,F,35,HongKong/HK,TRUE,FALSE,39:00.0,59:45.3
u1744,u1744@gmail.com,F,43,U.S.A,TRUE,FALSE,24:00.0,59:45.3
u1745,u1745@gmail.com,F,37,Vietnam,TRUE,FALSE,40:00.0,59:45.3
u1746,u1746@gmail.com,F,47,Iran/Qatar,TRUE,FALSE,17:00.0,59:45.3
u1747,u1747@gmail.com,F,34,China,TRUE,FALSE,39:00.0,59:45.3
u1748,u1748@gmail.com,F,54,U.S.A,FALSE,FALSE,31:00.0,59:45.3
u1749,u1749@gmail.com,F,41,HongKong/HK,FALSE,FALSE,41:00.0,59:45.3
u1750,u1750@gmail.com,F,33,China,TRUE,FALSE,41:00.0,59:45.3
u1751,u1751@gmail.com,F,38,HongKong/HK,FALSE,FALSE,44:00.0,59:45.3
u1752,u1752@gmail.com,F,45,HongKong/HK,FALSE,TRUE,23:00.0,59:45.3
u1753,u1753@gmail.com,F,30,Vietnam,TRUE,TRUE,31:00.0,59:45.3
u1754,u1754@gmail.com,M,23,Vietnam,TRUE,FALSE,38:00.0,59:45.3
u1755,u1755@gmail.com,F,37,U.S.A,TRUE,FALSE,21:00.0,59:45.3
u1756,u1756@gmail.com,F,42,U.S.A,FALSE,FALSE,35:00.0,59:45.3
u1757,u1757@gmail.com,F,16,U.S.A,FALSE,FALSE,49:00.0,59:45.3
u1758,u1758@gmail.com,F,51,U.S.A,TRUE,FALSE,32:00.0,59:45.3
u1759,u1759@gmail.com,F,38,HongKong/HK,TRUE,FALSE,37:00.0,59:45.3
u1760,u1760@gmail.com,F,43,U.S.A,TRUE,TRUE,31:00.0,59:45.3
u1761,u1761@gmail.com,F,34,HongKong/HK,TRUE,FALSE,29:00.0,59:45.3
u1762,u1762@gmail.com,F,47,China,TRUE,FALSE,34:00.0,59:45.3
u1763,u1763@gmail.com,F,60,China,FALSE,FALSE,29:00.0,59:45.4
u1764,u1764@gmail.com,F,53,U.S.A,TRUE,FALSE,22:00.0,59:45.4
u1765,u1765@gmail.com,F,46,U.S.A,TRUE,FALSE,21:00.0,59:45.4
u1766,u1766@gmail.com,F,32,China,FALSE,FALSE,23:00.0,59:45.4
u1767,u1767@gmail.com,F,46,China,FALSE,FALSE,31:00.0,59:45.4
u1768,u1768@gmail.com,F,50,HongKong/HK,TRUE,TRUE,54:00.0,59:45.4
u1769,u1769@gmail.com,F,59,Iran/Qatar,TRUE,FALSE,14:00.0,59:45.4
u1770,u1770@gmail.com,F,31,Saudi,TRUE,FALSE,39:00.0,59:45.4
u1771,u1771@gmail.com,M,25,China,FALSE,FALSE,55:00.0,59:45.4
u1772,u1772@gmail.com,F,32,U.S.A,FALSE,FALSE,56:00.0,59:45.4
u1773,u1773@gmail.com,F,56,China,TRUE,FALSE,43:00.0,59:45.4
u1774,u1774@gmail.com,F,37,China,TRUE,FALSE,17:00.0,59:45.4
u1775,u1775@gmail.com,F,45,U.S.A,FALSE,FALSE,26:00.0,59:45.4
u1776,u1776@gmail.com,F,38,Iran/Qatar,TRUE,FALSE,14:00.0,59:45.4
u1777,u1777@gmail.com,M,28,HongKong/HK,TRUE,FALSE,35:00.0,59:45.4
u1778,u1778@gmail.com,M,52,Vietnam,TRUE,FALSE,15:00.0,59:45.4
u1779,u1779@gmail.com,F,43,China,FALSE,FALSE,51:00.0,59:45.4
u1780,u1780@gmail.com,F,33,HongKong/HK,TRUE,FALSE,14:00.0,59:45.4
u1781,u1781@gmail.com,F,41,Vietnam,TRUE,FALSE,52:00.0,59:45.4
u1782,u1782@gmail.com,F,30,Saudi,FALSE,FALSE,35:00.0,59:45.4
u1783,u1783@gmail.com,F,32,HongKong/HK,TRUE,FALSE,29:00.0,59:45.5
u1784,u1784@gmail.com,F,51,China,FALSE,FALSE,19:00.0,59:45.5
u1785,u1785@gmail.com,F,32,China,TRUE,FALSE,47:00.0,59:45.5
u1786,u1786@gmail.com,F,55,HongKong/HK,TRUE,FALSE,55:00.0,59:45.5
u1787,u1787@gmail.com,F,30,U.S.A,TRUE,TRUE,34:00.0,59:45.5
u1788,u1788@gmail.com,M,19,Vietnam,TRUE,FALSE,21:00.0,59:45.5
u1789,u1789@gmail.com,F,44,HongKong/HK,FALSE,FALSE,32:00.0,59:45.5
u1790,u1790@gmail.com,F,34,HongKong/HK,FALSE,FALSE,42:00.0,59:45.5
u1791,u1791@gmail.com,F,48,HongKong/HK,FALSE,TRUE,43:00.0,59:45.5
u1792,u1792@gmail.com,F,18,U.S.A,FALSE,FALSE,18:00.0,59:45.5
u1793,u1793@gmail.com,F,34,China,TRUE,FALSE,56:00.0,59:45.5
u1794,u1794@gmail.com,M,48,Vietnam,FALSE,FALSE,59:00.0,59:45.5
u1795,u1795@gmail.com,F,31,U.S.A,TRUE,FALSE,53:00.0,59:45.5
u1796,u1796@gmail.com,F,65,Saudi,TRUE,FALSE,35:00.0,59:45.5
u1797,u1797@gmail.com,F,32,China,FALSE,FALSE,58:00.0,59:45.5
u1798,u1798@gmail.com,F,44,Saudi,FALSE,FALSE,54:00.0,59:45.5
u1799,u1799@gmail.com,F,18,U.S.A,TRUE,FALSE,20:00.0,59:45.5
u1800,u1800@gmail.com,F,46,HongKong/HK,TRUE,FALSE,13:00.0,59:45.5
u1801,u1801@gmail.com,M,31,China,TRUE,FALSE,24:00.0,59:45.5
u1802,u1802@gmail.com,F,48,China,TRUE,FALSE,57:00.0,59:45.5
u1803,u1803@gmail.com,F,33,HongKong/HK,FALSE,FALSE,54:00.0,59:45.6
u1804,u1804@gmail.com,F,43,HongKong/HK,TRUE,FALSE,16:00.0,59:45.6
u1805,u1805@gmail.com,F,48,China,TRUE,FALSE,54:00.0,59:45.6
u1806,u1806@gmail.com,F,37,U.S.A,TRUE,FALSE,57:00.0,59:45.6
u1807,u1807@gmail.com,F,33,China,TRUE,FALSE,42:00.0,59:45.6
u1808,u1808@gmail.com,F,45,China,FALSE,FALSE,49:00.0,59:45.6
u1809,u1809@gmail.com,F,61,U.S.A,FALSE,FALSE,31:00.0,59:45.6
u1810,u1810@gmail.com,F,28,China,FALSE,FALSE,57:00.0,59:45.6
u1811,u1811@gmail.com,F,57,U.S.A,TRUE,FALSE,45:00.0,59:45.6
u1812,u1812@gmail.com,F,34,U.S.A,TRUE,FALSE,52:00.0,59:45.6
u1813,u1813@gmail.com,F,49,HongKong/HK,TRUE,FALSE,21:00.0,59:45.6
u1814,u1814@gmail.com,F,33,U.S.A,TRUE,FALSE,54:00.0,59:45.6
u1815,u1815@gmail.com,F,41,HongKong/HK,FALSE,FALSE,58:00.0,59:45.6
u1816,u1816@gmail.com,F,41,U.S.A,TRUE,TRUE,27:00.0,59:45.6
u1817,u1817@gmail.com,F,32,U.S.A,TRUE,FALSE,41:00.0,59:45.6
u1818,u1818@gmail.com,F,56,Saudi,FALSE,FALSE,54:00.0,59:45.6
u1819,u1819@gmail.com,F,49,Iran/Qatar,TRUE,FALSE,21:00.0,59:45.6
u1820,u1820@gmail.com,M,28,HongKong/HK,FALSE,FALSE,18:00.0,59:45.6
u1821,u1821@gmail.com,F,18,HongKong/HK,FALSE,FALSE,36:00.0,59:45.6
u1822,u1822@gmail.com,F,47,China,FALSE,FALSE,44:00.0,59:45.6
u1823,u1823@gmail.com,F,31,China,FALSE,FALSE,26:00.0,59:45.6
u1824,u1824@gmail.com,F,44,U.S.A,TRUE,FALSE,29:00.0,59:45.6
u1825,u1825@gmail.com,F,39,Saudi,FALSE,FALSE,59:00.0,59:45.7
u1826,u1826@gmail.com,F,33,Vietnam,FALSE,TRUE,15:00.0,59:45.7
u1827,u1827@gmail.com,F,42,U.S.A,TRUE,FALSE,14:00.0,59:45.7
u1828,u1828@gmail.com,F,39,Saudi,TRUE,TRUE,51:00.0,59:45.7
u1829,u1829@gmail.com,F,28,China,FALSE,FALSE,44:00.0,59:45.7
u1830,u1830@gmail.com,F,26,Iran/Qatar,FALSE,FALSE,24:00.0,59:45.7
u1831,u1831@gmail.com,F,35,U.S.A,FALSE,FALSE,59:00.0,59:45.7
u1832,u1832@gmail.com,F,36,U.S.A,TRUE,FALSE,36:00.0,59:45.7
u1833,u1833@gmail.com,F,47,U.S.A,TRUE,FALSE,41:00.0,59:45.7
u1834,u1834@gmail.com,F,31,Saudi,TRUE,FALSE,58:00.0,59:45.7
u1835,u1835@gmail.com,F,34,HongKong/HK,TRUE,FALSE,13:00.0,59:45.7
u1836,u1836@gmail.com,F,36,Saudi,FALSE,FALSE,16:00.0,59:45.7
u1837,u1837@gmail.com,M,42,Vietnam,TRUE,FALSE,49:00.0,59:45.7
u1838,u1838@gmail.com,F,40,U.S.A,TRUE,FALSE,27:00.0,59:45.7
u1839,u1839@gmail.com,F,38,China,TRUE,FALSE,20:00.0,59:45.7
u1840,u1840@gmail.com,F,44,U.S.A,TRUE,FALSE,41:00.0,59:45.7
u1841,u1841@gmail.com,F,52,China,FALSE,FALSE,31:00.0,59:45.7
u1842,u1842@gmail.com,F,45,HongKong/HK,TRUE,TRUE,49:00.0,59:45.7
u1843,u1843@gmail.com,F,35,U.S.A,TRUE,FALSE,46:00.0,59:45.7
u1844,u1844@gmail.com,F,29,U.S.A,TRUE,FALSE,33:00.0,59:45.7
u1845,u1845@gmail.com,F,27,China,TRUE,TRUE,30:00.0,59:45.7
u1846,u1846@gmail.com,F,43,HongKong/HK,TRUE,FALSE,20:00.0,59:45.7
u1847,u1847@gmail.com,F,39,U.S.A,FALSE,FALSE,38:00.0,59:45.8
u1848,u1848@gmail.com,F,37,China,TRUE,FALSE,17:00.0,59:45.8
u1849,u1849@gmail.com,F,44,U.S.A,TRUE,FALSE,15:00.0,59:45.8
u1850,u1850@gmail.com,F,43,China,FALSE,FALSE,15:00.0,59:45.8
u1851,u1851@gmail.com,F,52,U.S.A,TRUE,FALSE,43:00.0,59:45.8
u1852,u1852@gmail.com,F,37,Saudi,FALSE,FALSE,51:00.0,59:45.8
u1853,u1853@gmail.com,F,52,China,FALSE,FALSE,55:00.0,59:45.8
u1854,u1854@gmail.com,F,21,HongKong/HK,TRUE,FALSE,40:00.0,59:45.8
u1855,u1855@gmail.com,F,24,HongKong/HK,TRUE,TRUE,49:00.0,59:45.8
u1856,u1856@gmail.com,F,39,Vietnam,TRUE,FALSE,51:00.0,59:45.8
u1857,u1857@gmail.com,F,32,China,TRUE,FALSE,55:00.0,59:45.8
u1858,u1858@gmail.com,F,33,U.S.A,TRUE,FALSE,17:00.0,59:45.8
u1859,u1859@gmail.com,F,49,China,TRUE,FALSE,26:00.0,59:45.8
u1860,u1860@gmail.com,F,54,U.S.A,FALSE,FALSE,34:00.0,59:45.8
u1861,u1861@gmail.com,F,34,China,FALSE,FALSE,49:00.0,59:45.8
u1862,u1862@gmail.com,F,24,China,TRUE,FALSE,45:00.0,59:45.8
u1863,u1863@gmail.com,F,47,Saudi,TRUE,FALSE,19:00.0,59:45.8
u1864,u1864@gmail.com,F,41,Vietnam,TRUE,FALSE,35:00.0,59:45.8
u1865,u1865@gmail.com,M,39,China,TRUE,FALSE,59:00.0,59:45.8
u1866,u1866@gmail.com,F,45,U.S.A,TRUE,TRUE,46:00.0,59:45.8
u1867,u1867@gmail.com,F,29,U.S.A,TRUE,FALSE,43:00.0,59:45.8
u1868,u1868@gmail.com,F,31,HongKong/HK,TRUE,FALSE,30:00.0,59:45.9
u1869,u1869@gmail.com,F,30,U.S.A,TRUE,FALSE,46:00.0,59:45.9
u1870,u1870@gmail.com,F,39,U.S.A,TRUE,FALSE,30:00.0,59:45.9
u1871,u1871@gmail.com,F,47,HongKong/HK,FALSE,FALSE,50:00.0,59:45.9
u1872,u1872@gmail.com,F,35,China,TRUE,FALSE,31:00.0,59:45.9
u1873,u1873@gmail.com,F,49,China,TRUE,FALSE,55:00.0,59:45.9
u1874,u1874@gmail.com,F,48,U.S.A,FALSE,FALSE,19:00.0,59:45.9
u1875,u1875@gmail.com,M,50,HongKong/HK,TRUE,FALSE,46:00.0,59:45.9
u1876,u1876@gmail.com,F,47,U.S.A,FALSE,FALSE,14:00.0,59:45.9
u1877,u1877@gmail.com,F,52,U.S.A,FALSE,FALSE,47:00.0,59:45.9
u1878,u1878@gmail.com,F,37,U.S.A,TRUE,FALSE,31:00.0,59:45.9
u1879,u1879@gmail.com,F,31,Saudi,TRUE,FALSE,38:00.0,59:45.9
u1880,u1880@gmail.com,F,51,China,TRUE,FALSE,24:00.0,59:45.9
u1881,u1881@gmail.com,F,39,China,FALSE,FALSE,28:00.0,59:45.9
u1882,u1882@gmail.com,F,65,China,FALSE,FALSE,26:00.0,59:45.9
u1883,u1883@gmail.com,F,26,China,TRUE,FALSE,34:00.0,59:45.9
u1884,u1884@gmail.com,F,51,HongKong/HK,FALSE,FALSE,48:00.0,59:45.9
u1885,u1885@gmail.com,F,54,U.S.A,TRUE,FALSE,21:00.0,59:45.9
u1886,u1886@gmail.com,F,64,China,TRUE,FALSE,23:00.0,59:45.9
u1887,u1887@gmail.com,F,42,U.S.A,FALSE,FALSE,24:00.0,59:45.9
u1888,u1888@gmail.com,F,40,HongKong/HK,TRUE,FALSE,55:00.0,59:45.9
u1889,u1889@gmail.com,M,43,China,FALSE,FALSE,39:00.0,59:46.0
u1890,u1890@gmail.com,F,40,China,FALSE,FALSE,33:00.0,59:46.0
u1891,u1891@gmail.com,F,30,Vietnam,TRUE,FALSE,52:00.0,59:46.0
u1892,u1892@gmail.com,F,28,Vietnam,FALSE,FALSE,27:00.0,59:46.0
u1893,u1893@gmail.com,M,34,Vietnam,TRUE,FALSE,59:00.0,59:46.0
u1894,u1894@gmail.com,F,26,HongKong/HK,FALSE,FALSE,18:00.0,59:46.0
u1895,u1895@gmail.com,F,34,U.S.A,TRUE,FALSE,58:00.0,59:46.0
u1896,u1896@gmail.com,F,51,China,TRUE,FALSE,44:00.0,59:46.0
u1897,u1897@gmail.com,F,37,U.S.A,FALSE,TRUE,19:00.0,59:46.0
u1898,u1898@gmail.com,F,47,China,TRUE,FALSE,38:00.0,59:46.0
u1899,u1899@gmail.com,F,69,U.S.A,TRUE,FALSE,45:00.0,59:46.0
u1900,u1900@gmail.com,F,49,China,TRUE,FALSE,44:00.0,59:46.0
u1901,u1901@gmail.com,F,26,China,TRUE,FALSE,14:00.0,59:46.0
u1902,u1902@gmail.com,F,51,China,TRUE,FALSE,13:00.0,59:46.0
u1903,u1903@gmail.com,F,40,China,TRUE,FALSE,15:00.0,59:46.0
u1904,u1904@gmail.com,F,38,China,TRUE,FALSE,17:00.0,59:46.0
u1905,u1905@gmail.com,F,54,U.S.A,FALSE,FALSE,56:00.0,59:46.0
u1906,u1906@gmail.com,F,32,China,TRUE,FALSE,35:00.0,59:46.0
u1907,u1907@gmail.com,F,53,U.S.A,FALSE,FALSE,53:00.0,59:46.0
u1908,u1908@gmail.com,F,35,HongKong/HK,FALSE,FALSE,44:00.0,59:46.0
u1909,u1909@gmail.com,M,52,HongKong/HK,FALSE,FALSE,52:00.0,59:46.1
u1910,u1910@gmail.com,F,34,HongKong/HK,TRUE,FALSE,48:00.0,59:46.1
u1911,u1911@gmail.com,F,63,U.S.A,TRUE,FALSE,28:00.0,59:46.1
u1912,u1912@gmail.com,F,39,China,TRUE,FALSE,56:00.0,59:46.1
u1913,u1913@gmail.com,F,51,Saudi,FALSE,TRUE,25:00.0,59:46.1
u1914,u1914@gmail.com,F,61,U.S.A,TRUE,FALSE,21:00.0,59:46.1
u1915,u1915@gmail.com,F,45,China,FALSE,FALSE,49:00.0,59:46.1
u1916,u1916@gmail.com,F,43,China,TRUE,FALSE,27:00.0,59:46.1
u1917,u1917@gmail.com,F,36,U.S.A,FALSE,FALSE,36:00.0,59:46.1
u1918,u1918@gmail.com,F,42,China,TRUE,FALSE,38:00.0,59:46.1
u1919,u1919@gmail.com,F,40,U.S.A,TRUE,TRUE,55:00.0,59:46.1
u1920,u1920@gmail.com,F,42,China,FALSE,FALSE,42:00.0,59:46.1
u1921,u1921@gmail.com,F,47,China,FALSE,FALSE,24:00.0,59:46.1
u1922,u1922@gmail.com,F,13,U.S.A,FALSE,FALSE,15:00.0,59:46.1
u1923,u1923@gmail.com,F,47,China,TRUE,TRUE,48:00.0,59:46.1
u1924,u1924@gmail.com,F,26,China,FALSE,FALSE,27:00.0,59:46.1
u1925,u1925@gmail.com,F,56,U.S.A,TRUE,FALSE,35:00.0,59:46.1
u1926,u1926@gmail.com,F,36,HongKong/HK,FALSE,FALSE,48:00.0,59:46.1
u1927,u1927@gmail.com,F,41,China,FALSE,FALSE,42:00.0,59:46.1
u1928,u1928@gmail.com,F,45,China,TRUE,FALSE,28:00.0,59:46.1
u1929,u1929@gmail.com,F,40,U.S.A,FALSE,FALSE,56:00.0,59:46.1
u1930,u1930@gmail.com,F,62,HongKong/HK,TRUE,TRUE,42:00.0,59:46.1
u1931,u1931@gmail.com,F,42,HongKong/HK,TRUE,FALSE,48:00.0,59:46.2
u1932,u1932@gmail.com,F,29,HongKong/HK,TRUE,FALSE,47:00.0,59:46.2
u1933,u1933@gmail.com,F,51,China,TRUE,FALSE,18:00.0,59:46.2
u1934,u1934@gmail.com,F,34,U.S.A,TRUE,FALSE,37:00.0,59:46.2
u1935,u1935@gmail.com,F,36,Saudi,TRUE,FALSE,41:00.0,59:46.2
u1936,u1936@gmail.com,F,52,U.S.A,TRUE,FALSE,23:00.0,59:46.2
u1937,u1937@gmail.com,F,42,Saudi,TRUE,FALSE,31:00.0,59:46.2
u1938,u1938@gmail.com,F,49,U.S.A,TRUE,FALSE,52:00.0,59:46.2
u1939,u1939@gmail.com,F,37,Iran/Qatar,FALSE,FALSE,51:00.0,59:46.2
u1940,u1940@gmail.com,F,33,HongKong/HK,TRUE,FALSE,45:00.0,59:46.2
u1941,u1941@gmail.com,F,62,China,TRUE,FALSE,57:00.0,59:46.2
u1942,u1942@gmail.com,F,49,Saudi,TRUE,FALSE,46:00.0,59:46.2
u1943,u1943@gmail.com,F,24,U.S.A,FALSE,FALSE,25:00.0,59:46.2
u1944,u1944@gmail.com,F,56,China,FALSE,FALSE,21:00.0,59:46.2
u1945,u1945@gmail.com,F,44,U.S.A,TRUE,FALSE,34:00.0,59:46.2
u1946,u1946@gmail.com,F,34,China,TRUE,TRUE,43:00.0,59:46.2
u1947,u1947@gmail.com,F,24,U.S.A,TRUE,TRUE,35:00.0,59:46.2
u1948,u1948@gmail.com,F,42,HongKong/HK,TRUE,TRUE,45:00.0,59:46.2
u1949,u1949@gmail.com,F,44,HongKong/HK,TRUE,FALSE,44:00.0,59:46.2
u1950,u1950@gmail.com,F,39,Iran/Qatar,TRUE,FALSE,52:00.0,59:46.2
u1951,u1951@gmail.com,M,40,U.S.A,TRUE,TRUE,54:00.0,59:46.3
u1952,u1952@gmail.com,F,58,U.S.A,FALSE,FALSE,53:00.0,59:46.3
u1953,u1953@gmail.com,F,43,U.S.A,FALSE,FALSE,43:00.0,59:46.3
u1954,u1954@gmail.com,F,18,China,FALSE,FALSE,36:00.0,59:46.3
u1955,u1955@gmail.com,F,27,Saudi,TRUE,FALSE,58:00.0,59:46.3
u1956,u1956@gmail.com,F,36,U.S.A,FALSE,FALSE,29:00.0,59:46.3
u1957,u1957@gmail.com,F,36,Saudi,TRUE,FALSE,59:00.0,59:46.3
u1958,u1958@gmail.com,F,48,China,TRUE,FALSE,37:00.0,59:46.3
u1959,u1959@gmail.com,F,38,China,TRUE,FALSE,56:00.0,59:46.3
u1960,u1960@gmail.com,F,16,Vietnam,FALSE,FALSE,18:00.0,59:46.3
u1961,u1961@gmail.com,F,35,HongKong/HK,TRUE,FALSE,42:00.0,59:46.3
u1962,u1962@gmail.com,F,45,U.S.A,FALSE,FALSE,16:00.0,59:46.3
u1963,u1963@gmail.com,F,46,China,FALSE,FALSE,31:00.0,59:46.3
u1964,u1964@gmail.com,F,22,U.S.A,TRUE,FALSE,19:00.0,59:46.3
u1965,u1965@gmail.com,M,47,Vietnam,TRUE,TRUE,57:00.0,59:46.3
u1966,u1966@gmail.com,F,43,China,TRUE,FALSE,17:00.0,59:46.3
u1967,u1967@gmail.com,F,48,China,FALSE,FALSE,39:00.0,59:46.3
u1968,u1968@gmail.com,F,32,HongKong/HK,TRUE,FALSE,55:00.0,59:46.3
u1969,u1969@gmail.com,F,44,Vietnam,TRUE,TRUE,35:00.0,59:46.3
u1970,u1970@gmail.com,F,44,HongKong/HK,TRUE,FALSE,21:00.0,59:46.3
u1971,u1971@gmail.com,F,28,China,FALSE,FALSE,15:00.0,59:46.4
u1972,u1972@gmail.com,F,31,Saudi,TRUE,FALSE,38:00.0,59:46.4
u1973,u1973@gmail.com,F,23,HongKong/HK,TRUE,FALSE,37:00.0,59:46.4
u1974,u1974@gmail.com,F,29,China,TRUE,FALSE,23:00.0,59:46.4
u1975,u1975@gmail.com,F,33,China,TRUE,FALSE,25:00.0,59:46.4
u1976,u1976@gmail.com,F,51,Vietnam,TRUE,FALSE,18:00.0,59:46.4
u1977,u1977@gmail.com,F,26,U.S.A,TRUE,FALSE,23:00.0,59:46.4
u1978,u1978@gmail.com,F,41,Saudi,TRUE,TRUE,33:00.0,59:46.4
u1979,u1979@gmail.com,F,45,U.S.A,FALSE,FALSE,52:00.0,59:46.4
u1980,u1980@gmail.com,F,41,U.S.A,FALSE,FALSE,17:00.0,59:46.4
u1981,u1981@gmail.com,F,30,Saudi,FALSE,FALSE,22:00.0,59:46.4
u1982,u1982@gmail.com,F,33,HongKong/HK,TRUE,FALSE,17:00.0,59:46.4
u1983,u1983@gmail.com,M,32,HongKong/HK,TRUE,FALSE,59:00.0,59:46.4
u1984,u1984@gmail.com,F,52,China,TRUE,FALSE,57:00.0,59:46.4
u1985,u1985@gmail.com,F,46,HongKong/HK,FALSE,FALSE,39:00.0,59:46.4
u1986,u1986@gmail.com,F,46,U.S.A,TRUE,FALSE,26:00.0,59:46.4
u1987,u1987@gmail.com,F,28,China,FALSE,FALSE,39:00.0,59:46.4
u1988,u1988@gmail.com,F,48,HongKong/HK,TRUE,FALSE,47:00.0,59:46.4
u1989,u1989@gmail.com,F,42,Saudi,TRUE,FALSE,48:00.0,59:46.4
u1990,u1990@gmail.com,F,53,HongKong/HK,TRUE,FALSE,55:00.0,59:46.4
u1991,u1991@gmail.com,F,31,Saudi,TRUE,FALSE,26:00.0,59:46.4
u1992,u1992@gmail.com,F,42,Saudi,TRUE,FALSE,14:00.0,59:46.5
u1993,u1993@gmail.com,F,31,U.S.A,TRUE,FALSE,39:00.0,59:46.5
u1994,u1994@gmail.com,F,47,HongKong/HK,TRUE,FALSE,52:00.0,59:46.5
u1995,u1995@gmail.com,F,37,China,TRUE,FALSE,57:00.0,59:46.5
u1996,u1996@gmail.com,F,25,Iran/Qatar,TRUE,FALSE,13:00.0,59:46.5
u1997,u1997@gmail.com,F,39,China,FALSE,FALSE,46:00.0,59:46.5
u1998,u1998@gmail.com,F,27,China,TRUE,FALSE,49:00.0,59:46.5
u1999,u1999@gmail.com,F,35,U.S.A,FALSE,FALSE,13:00.0,59:46.5
u2000,u2000@gmail.com,F,42,U.S.A,TRUE,FALSE,52:00.0,59:46.5
